Workbook
Name SegmentaciónDeDatos_Grupo2: #REF!
Name SlicerCache_Table_1_Col_4: #N/A
Name SlicerCache_Table_2_Col_4: #N/A
Name SlicerCache_Table_3_Col_4: #N/A
Name SlicerCache_Table_4_Col_4: #N/A
Name SlicerCache_Table_5_Col_4: #N/A
Name SlicerCache_Table_6_Col_4: #N/A

Sheet P101
D1: P101 | F1: Coevaluaciones | I1: Actividades Práctico-Experimental (APE) (30%) | V1: AVANCES (15%) | Y1: VALIDACION INDIVIDUAL (10%) | AD1: VALIDACION DE PROTOTIPO (10%) | AH1: PROTOTIPO (5%) | AK1: EXPOSICION Y DEFENSA (20%) | AO1: REPORTE (10%) | AP1: TOTAL (100%)
A2: Correo | B2: Número de Matrícula | C2: Apellidos y Nombres | D2: Grupo | E2: Vez | F2: WF1 (APE) | G2: WF2 (AVANCE) | H2: WF3 (FINALES) | I2: CL1 | J2: HT1 | K2: RPAPE1 | L2: APE1 | M2: CL2 | N2: HT2 | O2: RPAPE2 | P2: APE2 | Q2: CL3 | R2: HT3 | S2: RPAPE3 | T2: APE3 | U2: APE_total | V2: AV1 | W2: AV2 | X2: AV_total | Y2: VI1 | Z2: VI2 | AA2: VI3 | AB2: VI_STATUS | AC2: VI_TOTAL | AD2: VP1 | AE2: VP2 | AF2: VP_STATUS | AG2: VP_TOTAL | AH2: EV1_P | AI2: EV2_P | AJ2: PROT_TOTAL | AK2: POSTER | AL2: JUR_1 | AM2: JUR_2 | AN2: EXP_TOTAL | AO2: REPORTE | AP2: EXP | AQ2: PROY | AR2: AL ACADEMICO
A3: correo prueba | B3: matrícula prueba | C3: Estudiante de Prueba | D3: 0 | E3: 1 | F3: 1 | G3: 1 | H3: 1 | I3: 3 | J3: 2 | K3: 5 | L3: =SUM('P101'!$I3:$K3) -> 10 | M3: 3 | N3: 2 | O3: 5 | P3: =SUM('P101'!$M3:$O3) -> 10 | Q3: 3 | R3: 2 | S3: 5 | T3: =SUM('P101'!$Q3:$S3) -> 10 | U3: =('P101'!$L3+'P101'!$P3+'P101'!$T3)*'P101'!$F3 -> 30 | V3: 5 | W3: 10 | X3: =SUM('P101'!$V3:$W3)*'P101'!$G3 -> 15 | Y3: 2 | Z3: 3 | AA3: 5 | AB3: =IF(SUM('P101'!$Y3:$AA3)>5.9,"SI","NO") -> SI | AC3: =SUM('P101'!$Y3:$AA3) -> 10 | AD3: 2 | AE3: 8 | AF3: =IF('P101'!$AG3>5.9,"SI","NO") -> SI | AG3: =SUM('P101'!$AD3:$AE3) -> 10 | AH3: 5 | AI3: 5 | AJ3: =AVERAGE('P101'!$AH3:$AI3)*'P101'!$H3 -> 5 | AK3: 1 | AL3: 10 | AM3: 10 | AN3: =(('P101'!$AL3+'P101'!$AM3))*'P101'!$AK3 -> 20 | AO3: 10 | AP3: =SUM('P101'!$U3) -> 30 | AQ3: =SUM(AN3,AJ3,AG3,AC3,X3,'P101'!$AO3) -> 70 | AR3: ='P101'!$AP3+'P101'!$AQ3 -> 100
A4: josualme@espol.edu.ec | B4: 202509725 | C4: ALMEIDA MACIAS JOSUE DAVID | D4: 7 | F4: 1 | G4: 1.0050378 | H4: 1.0200306 | I4: 3 | J4: 0.75 | K4: 3.55 | L4: =SUM('P101'!$I4:$K4) -> 7.3 | M4: 3 | N4: 2 | O4: 5 | P4: =SUM('P101'!$M4:$O4) -> 10 | Q4: 1.5 | R4: 1.25 | S4: 0 | T4: =SUM('P101'!$Q4:$S4) -> 2.75 | U4: =('P101'!$L4+'P101'!$P4+'P101'!$T4)*'P101'!$F4 -> 20.05 | V4: 4.2 | W4: 7.3 | X4: =SUM('P101'!$V4:$W4)*'P101'!$G4 -> 11.557935 | Y4: 1 | Z4: 1.5 | AA4: 3.75 | AB4: =IF(SUM('P101'!$Y4:$AA4)>5.9,"SI","NO") -> SI | AC4: =SUM('P101'!$Y4:$AA4) -> 6.25 | AD4: 1.5 | AE4: 0 | AF4: =IF('P101'!$AG4>5.9,"SI","NO") -> NO | AG4: =SUM('P101'!$AD4:$AE4) -> 1.5 | AH4: 0 | AI4: 0 | AJ4: =AVERAGE('P101'!$AH4:$AI4)*'P101'!$H4 -> 0 | AK4: 0 | AL4: 0 | AM4: 0 | AN4: =(('P101'!$AL4+'P101'!$AM4))*'P101'!$AK4 -> 0 | AO4: 0 | AP4: =SUM('P101'!$U4) -> 20.05 | AQ4: =SUM(AN4,AJ4,AG4,AC4,X4,'P101'!$AO4) -> 19.307935 | AR4: ='P101'!$AP4+'P101'!$AQ4 -> 39.357935
A5: jojoalva@espol.edu.ec | B5: 202314845 | C5: ALVAREZ CORDOVA JOSHUA JOEL | D5: 1 | F5: 0.5 | G5: 0.5 | H5: 0.5 | I5: 0 | J5: 1.25 | K5: 0 | L5: =SUM('P101'!$I5:$K5) -> 1.25 | M5: 0 | N5: 0 | O5: 0 | P5: =SUM('P101'!$M5:$O5) -> 0 | Q5: 0 | R5: 1.75 | S5: 0 | T5: =SUM('P101'!$Q5:$S5) -> 1.75 | U5: =('P101'!$L5+'P101'!$P5+'P101'!$T5)*'P101'!$F5 -> 1.5 | V5: 4.65 | W5: 0 | X5: =SUM('P101'!$V5:$W5)*'P101'!$G5 -> 2.325 | Y5: 0 | Z5: 0 | AA5: 0 | AB5: =IF(SUM('P101'!$Y5:$AA5)>5.9,"SI","NO") -> NO | AC5: =SUM('P101'!$Y5:$AA5) -> 0 | AD5: 1.5 | AE5: 5.5 | AF5: =IF('P101'!$AG5>5.9,"SI","NO") -> SI | AG5: =SUM('P101'!$AD5:$AE5) -> 7 | AH5: 4 | AI5: 5 | AJ5: =AVERAGE('P101'!$AH5:$AI5)*'P101'!$H5 -> 2.25 | AK5: 0 | AL5: 0 | AM5: 0 | AN5: =(('P101'!$AL5+'P101'!$AM5))*'P101'!$AK5 -> 0 | AO5: 9.75 | AP5: =SUM('P101'!$U5) -> 1.5 | AQ5: =SUM(AN5,AJ5,AG5,AC5,X5,'P101'!$AO5) -> 21.325 | AR5: ='P101'!$AP5+'P101'!$AQ5 -> 22.825
A6: joseanda@espol.edu.ec | B6: 202505103 | C6: ANDALUZ CARRASCO JOSE ISAIAS | D6: 3 | F6: 1.0042373 | G6: 1.0081542 | H6: 0.99477803 | I6: 2.25 | J6: 1 | K6: 4.1 | L6: =SUM('P101'!$I6:$K6) -> 7.35 | M6: 3 | N6: 2 | O6: 5 | P6: =SUM('P101'!$M6:$O6) -> 10 | Q6: 1.5 | R6: 2 | S6: 0 | T6: =SUM('P101'!$Q6:$S6) -> 3.5 | U6: =('P101'!$L6+'P101'!$P6+'P101'!$T6)*'P101'!$F6 -> 20.938348 | V6: 3.25 | W6: 5.2 | X6: =SUM('P101'!$V6:$W6)*'P101'!$G6 -> 8.5189032 | Y6: 1.5 | Z6: 0 | AA6: 0 | AB6: =IF(SUM('P101'!$Y6:$AA6)>5.9,"SI","NO") -> NO | AC6: =SUM('P101'!$Y6:$AA6) -> 1.5 | AD6: 1 | AE6: 5.25 | AF6: =IF('P101'!$AG6>5.9,"SI","NO") -> SI | AG6: =SUM('P101'!$AD6:$AE6) -> 6.25 | AH6: 4.5 | AI6: 5 | AJ6: =AVERAGE('P101'!$AH6:$AI6)*'P101'!$H6 -> 4.7251957 | AK6: 0 | AL6: 0 | AM6: 0 | AN6: =(('P101'!$AL6+'P101'!$AM6))*'P101'!$AK6 -> 0 | AO6: 7.5 | AP6: =SUM('P101'!$U6) -> 20.938348 | AQ6: =SUM(AN6,AJ6,AG6,AC6,X6,'P101'!$AO6) -> 28.494099 | AR6: ='P101'!$AP6+'P101'!$AQ6 -> 49.432447
A7: narboled@espol.edu.ec | B7: 202215091 | C7: ARBOLEDA ORDEÃ‘ANA NESTOR EZEQUIEL | D7: 1 | F7: 0.5 | G7: 1.069045 | H7: 0.5 | I7: 3 | J7: 1.25 | K7: 0 | L7: =SUM('P101'!$I7:$K7) -> 4.25 | M7: 0 | N7: 0 | O7: 0 | P7: =SUM('P101'!$M7:$O7) -> 0 | Q7: 0 | R7: 1.75 | S7: 0 | T7: =SUM('P101'!$Q7:$S7) -> 1.75 | U7: =('P101'!$L7+'P101'!$P7+'P101'!$T7)*'P101'!$F7 -> 3 | V7: 4.65 | W7: 6.8 | X7: =SUM('P101'!$V7:$W7)*'P101'!$G7 -> 12.240565 | Y7: 2 | Z7: 0 | AA7: 0 | AB7: =IF(SUM('P101'!$Y7:$AA7)>5.9,"SI","NO") -> NO | AC7: =SUM('P101'!$Y7:$AA7) -> 2 | AD7: 1.5 | AE7: 5.5 | AF7: =IF('P101'!$AG7>5.9,"SI","NO") -> SI | AG7: =SUM('P101'!$AD7:$AE7) -> 7 | AH7: 4 | AI7: 5 | AJ7: =AVERAGE('P101'!$AH7:$AI7)*'P101'!$H7 -> 2.25 | AK7: 0 | AL7: 0 | AM7: 0 | AN7: =(('P101'!$AL7+'P101'!$AM7))*'P101'!$AK7 -> 0 | AO7: 9.75 | AP7: =SUM('P101'!$U7) -> 3 | AQ7: =SUM(AN7,AJ7,AG7,AC7,X7,'P101'!$AO7) -> 33.240565 | AR7: ='P101'!$AP7+'P101'!$AQ7 -> 36.240565
A8: albearev@espol.edu.ec | B8: 202415923 | C8: AREVALO RODRIGUEZ CARLOS ALBERTO | D8: 9 | F8: 0.98428634 | G8: 1.0563983 | H8: 0.5 | I8: 1.5 | J8: 0 | K8: 0 | L8: =SUM('P101'!$I8:$K8) -> 1.5 | M8: 3 | N8: 2 | O8: 5 | P8: =SUM('P101'!$M8:$O8) -> 10 | Q8: 1.5 | R8: 1.5 | S8: 0 | T8: =SUM('P101'!$Q8:$S8) -> 3 | U8: =('P101'!$L8+'P101'!$P8+'P101'!$T8)*'P101'!$F8 -> 14.272152 | V8: 4.55 | W8: 3.1 | X8: =SUM('P101'!$V8:$W8)*'P101'!$G8 -> 8.0814467 | Y8: 1.5 | Z8: 0 | AA8: 3.75 | AB8: =IF(SUM('P101'!$Y8:$AA8)>5.9,"SI","NO") -> NO | AC8: =SUM('P101'!$Y8:$AA8) -> 5.25 | AD8: 1 | AE8: 5 | AF8: =IF('P101'!$AG8>5.9,"SI","NO") -> SI | AG8: =SUM('P101'!$AD8:$AE8) -> 6 | AH8: 0 | AI8: 0 | AJ8: =AVERAGE('P101'!$AH8:$AI8)*'P101'!$H8 -> 0 | AK8: 0 | AL8: 0 | AM8: 0 | AN8: =(('P101'!$AL8+'P101'!$AM8))*'P101'!$AK8 -> 0 | AO8: 5.5 | AP8: =SUM('P101'!$U8) -> 14.272152 | AQ8: =SUM(AN8,AJ8,AG8,AC8,X8,'P101'!$AO8) -> 24.831447 | AR8: ='P101'!$AP8+'P101'!$AQ8 -> 39.103599
A9: jelubaca@espol.edu.ec | B9: 202308474 | C9: BACA MENOSCAL JEAN LUIS | D9: 2 | F9: 1 | G9: 1 | H9: 0.99662731 | I9: 2.25 | J9: 1.75 | K9: 4.65 | L9: =SUM('P101'!$I9:$K9) -> 8.65 | M9: 3 | N9: 2 | O9: 5 | P9: =SUM('P101'!$M9:$O9) -> 10 | Q9: 2.25 | R9: 1.75 | S9: 4.45 | T9: =SUM('P101'!$Q9:$S9) -> 8.45 | U9: =('P101'!$L9+'P101'!$P9+'P101'!$T9)*'P101'!$F9 -> 27.1 | V9: 5 | W9: 6.8 | X9: =SUM('P101'!$V9:$W9)*'P101'!$G9 -> 11.8 | Y9: 1 | Z9: 1.5 | AA9: 5 | AB9: =IF(SUM('P101'!$Y9:$AA9)>5.9,"SI","NO") -> SI | AC9: =SUM('P101'!$Y9:$AA9) -> 7.5 | AD9: 2 | AE9: 4.25 | AF9: =IF('P101'!$AG9>5.9,"SI","NO") -> SI | AG9: =SUM('P101'!$AD9:$AE9) -> 6.25 | AH9: 5 | AI9: 3.5 | AJ9: =AVERAGE('P101'!$AH9:$AI9)*'P101'!$H9 -> 4.2356661 | AK9: 1 | AL9: 9 | AM9: 4 | AN9: =(('P101'!$AL9+'P101'!$AM9))*'P101'!$AK9 -> 13 | AO9: 8 | AP9: =SUM('P101'!$U9) -> 27.1 | AQ9: =SUM(AN9,AJ9,AG9,AC9,X9,'P101'!$AO9) -> 50.785666 | AR9: ='P101'!$AP9+'P101'!$AQ9 -> 77.885666
A10: jpbaca@espol.edu.ec | B10: 202311577 | C10: BACA MENOSCAL JEAN PIERE | D10: 6 | F10: 1 | G10: 0.5 | H10: 0.97547788 | I10: 3 | J10: 1.25 | K10: 3.95 | L10: =SUM('P101'!$I10:$K10) -> 8.2 | M10: 3 | N10: 2 | O10: 5 | P10: =SUM('P101'!$M10:$O10) -> 10 | Q10: 2.25 | R10: 1.75 | S10: 3.95 | T10: =SUM('P101'!$Q10:$S10) -> 7.95 | U10: =('P101'!$L10+'P101'!$P10+'P101'!$T10)*'P101'!$F10 -> 26.15 | V10: 4.9 | W10: 8.6 | X10: =SUM('P101'!$V10:$W10)*'P101'!$G10 -> 6.75 | Y10: 1.5 | Z10: 3 | AA10: 2.5 | AB10: =IF(SUM('P101'!$Y10:$AA10)>5.9,"SI","NO") -> SI | AC10: =SUM('P101'!$Y10:$AA10) -> 7 | AD10: 1.75 | AE10: 6 | AF10: =IF('P101'!$AG10>5.9,"SI","NO") -> SI | AG10: =SUM('P101'!$AD10:$AE10) -> 7.75 | AH10: 5 | AI10: 4.5 | AJ10: =AVERAGE('P101'!$AH10:$AI10)*'P101'!$H10 -> 4.6335199 | AK10: 1 | AL10: 1 | AM10: 7 | AN10: =(('P101'!$AL10+'P101'!$AM10))*'P101'!$AK10 -> 8 | AO10: 10 | AP10: =SUM('P101'!$U10) -> 26.15 | AQ10: =SUM(AN10,AJ10,AG10,AC10,X10,'P101'!$AO10) -> 44.13352 | AR10: ='P101'!$AP10+'P101'!$AQ10 -> 70.28352
A11: jubecerr@espol.edu.ec | B11: 202508875 | C11: BECERRA POZO JULIO CESAR | D11: 2 | F11: 1 | G11: 1 | H11: 1.0050378 | I11: 1.5 | J11: 0 | K11: 0 | L11: =SUM('P101'!$I11:$K11) -> 1.5 | M11: 3 | N11: 2 | O11: 5 | P11: =SUM('P101'!$M11:$O11) -> 10 | Q11: 2.25 | R11: 1.75 | S11: 4.45 | T11: =SUM('P101'!$Q11:$S11) -> 8.45 | U11: =('P101'!$L11+'P101'!$P11+'P101'!$T11)*'P101'!$F11 -> 19.95 | V11: 5 | W11: 6.8 | X11: =SUM('P101'!$V11:$W11)*'P101'!$G11 -> 11.8 | Y11: 1 | Z11: 3 | AA11: 3.75 | AB11: =IF(SUM('P101'!$Y11:$AA11)>5.9,"SI","NO") -> SI | AC11: =SUM('P101'!$Y11:$AA11) -> 7.75 | AD11: 2 | AE11: 4.25 | AF11: =IF('P101'!$AG11>5.9,"SI","NO") -> SI | AG11: =SUM('P101'!$AD11:$AE11) -> 6.25 | AH11: 5 | AI11: 3.5 | AJ11: =AVERAGE('P101'!$AH11:$AI11)*'P101'!$H11 -> 4.2714107 | AK11: 1 | AL11: 8.5 | AM11: 6 | AN11: =(('P101'!$AL11+'P101'!$AM11))*'P101'!$AK11 -> 14.5 | AO11: 8 | AP11: =SUM('P101'!$U11) -> 19.95 | AQ11: =SUM(AN11,AJ11,AG11,AC11,X11,'P101'!$AO11) -> 52.571411 | AR11: ='P101'!$AP11+'P101'!$AQ11 -> 72.521411
A12: micarpio@espol.edu.ec | B12: 202400610 | C12: CARPIO NARVAEZ MIGUEL BENJAMIN | D12: 3 | F12: 1.0042373 | G12: 0.5 | H12: 1.0206207 | I12: 3 | J12: 1 | K12: 4.1 | L12: =SUM('P101'!$I12:$K12) -> 8.1 | M12: 3 | N12: 2 | O12: 5 | P12: =SUM('P101'!$M12:$O12) -> 10 | Q12: 2.25 | R12: 2 | S12: 4.7 | T12: =SUM('P101'!$Q12:$S12) -> 8.95 | U12: =('P101'!$L12+'P101'!$P12+'P101'!$T12)*'P101'!$F12 -> 27.164619 | V12: 3.25 | W12: 5.2 | X12: =SUM('P101'!$V12:$W12)*'P101'!$G12 -> 4.225 | Y12: 2 | Z12: 3 | AA12: 3.75 | AB12: =IF(SUM('P101'!$Y12:$AA12)>5.9,"SI","NO") -> SI | AC12: =SUM('P101'!$Y12:$AA12) -> 8.75 | AD12: 1 | AE12: 5.25 | AF12: =IF('P101'!$AG12>5.9,"SI","NO") -> SI | AG12: =SUM('P101'!$AD12:$AE12) -> 6.25 | AH12: 4.5 | AI12: 5 | AJ12: =AVERAGE('P101'!$AH12:$AI12)*'P101'!$H12 -> 4.8479484 | AK12: 1 | AL12: 7.5 | AM12: 5.5 | AN12: =(('P101'!$AL12+'P101'!$AM12))*'P101'!$AK12 -> 13 | AO12: 7.5 | AP12: =SUM('P101'!$U12) -> 27.164619 | AQ12: =SUM(AN12,AJ12,AG12,AC12,X12,'P101'!$AO12) -> 44.572948 | AR12: ='P101'!$AP12+'P101'!$AQ12 -> 71.737568
A13: adjacast@espol.edu.ec | B13: 202310579 | C13: CASTRO MONTIEL ADRIANA JAMILET | D13: 4 | F13: 0.96395204 | G13: 0.99890291 | H13: 1.0088891 | I13: 2.25 | J13: 0.75 | K13: 4.9 | L13: =SUM('P101'!$I13:$K13) -> 7.9 | M13: 3 | N13: 2 | O13: 5 | P13: =SUM('P101'!$M13:$O13) -> 10 | Q13: 2.25 | R13: 2 | S13: 5 | T13: =SUM('P101'!$Q13:$S13) -> 9.25 | U13: =('P101'!$L13+'P101'!$P13+'P101'!$T13)*'P101'!$F13 -> 26.171298 | V13: 4.6 | W13: 8.3 | X13: =SUM('P101'!$V13:$W13)*'P101'!$G13 -> 12.885848 | Y13: 1.5 | Z13: 2 | AA13: 3 | AB13: =IF(SUM('P101'!$Y13:$AA13)>5.9,"SI","NO") -> SI | AC13: =SUM('P101'!$Y13:$AA13) -> 6.5 | AD13: 2 | AE13: 4 | AF13: =IF('P101'!$AG13>5.9,"SI","NO") -> SI | AG13: =SUM('P101'!$AD13:$AE13) -> 6 | AH13: 4.5 | AI13: 4.5 | AJ13: =AVERAGE('P101'!$AH13:$AI13)*'P101'!$H13 -> 4.5400008 | AK13: 1 | AL13: 7.5 | AM13: 7.5 | AN13: =(('P101'!$AL13+'P101'!$AM13))*'P101'!$AK13 -> 15 | AO13: 10 | AP13: =SUM('P101'!$U13) -> 26.171298 | AQ13: =SUM(AN13,AJ13,AG13,AC13,X13,'P101'!$AO13) -> 54.925848 | AR13: ='P101'!$AP13+'P101'!$AQ13 -> 81.097146
A14: wilsdiaz@espol.edu.ec | B14: 202508982 | C14: DIAZ MONTERO WILSON SEBASTIAN | D14: 10 | F14: 1 | G14: 1 | H14: 1 | I14: 2.25 | J14: 2 | K14: 4.7 | L14: =SUM('P101'!$I14:$K14) -> 8.95 | M14: 3 | N14: 2 | O14: 5 | P14: =SUM('P101'!$M14:$O14) -> 10 | Q14: 1.5 | R14: 2 | S14: 0 | T14: =SUM('P101'!$Q14:$S14) -> 3.5 | U14: =('P101'!$L14+'P101'!$P14+'P101'!$T14)*'P101'!$F14 -> 22.45 | V14: 4.05 | W14: 6 | X14: =SUM('P101'!$V14:$W14)*'P101'!$G14 -> 10.05 | Y14: 1.5 | Z14: 1.5 | AA14: 0 | AB14: =IF(SUM('P101'!$Y14:$AA14)>5.9,"SI","NO") -> NO | AC14: =SUM('P101'!$Y14:$AA14) -> 3 | AD14: 1.5 | AE14: 5 | AF14: =IF('P101'!$AG14>5.9,"SI","NO") -> SI | AG14: =SUM('P101'!$AD14:$AE14) -> 6.5 | AH14: 0 | AI14: 0 | AJ14: =AVERAGE('P101'!$AH14:$AI14)*'P101'!$H14 -> 0 | AK14: 0 | AL14: 0 | AM14: 0 | AN14: =(('P101'!$AL14+'P101'!$AM14))*'P101'!$AK14 -> 0 | AO14: 8.5 | AP14: =SUM('P101'!$U14) -> 22.45 | AQ14: =SUM(AN14,AJ14,AG14,AC14,X14,'P101'!$AO14) -> 28.05 | AR14: ='P101'!$AP14+'P101'!$AQ14 -> 50.5
A15: davfuert@espol.edu.ec | B15: 202408043 | C15: FUERTES CHALEN DAVID ALEXANDER | D15: 2 | F15: 1 | G15: 1 | H15: 0.99662731 | I15: 3 | J15: 1.75 | K15: 0 | L15: =SUM('P101'!$I15:$K15) -> 4.75 | M15: 0 | N15: 0 | O15: 0 | P15: =SUM('P101'!$M15:$O15) -> 0 | Q15: 1 | R15: 1.75 | S15: 0 | T15: =SUM('P101'!$Q15:$S15) -> 2.75 | U15: =('P101'!$L15+'P101'!$P15+'P101'!$T15)*'P101'!$F15 -> 7.5 | V15: 5 | W15: 6.8 | X15: =SUM('P101'!$V15:$W15)*'P101'!$G15 -> 11.8 | Y15: 0.5 | Z15: 1.5 | AA15: 0 | AB15: =IF(SUM('P101'!$Y15:$AA15)>5.9,"SI","NO") -> NO | AC15: =SUM('P101'!$Y15:$AA15) -> 2 | AD15: 2 | AE15: 4.25 | AF15: =IF('P101'!$AG15>5.9,"SI","NO") -> SI | AG15: =SUM('P101'!$AD15:$AE15) -> 6.25 | AH15: 5 | AI15: 3.5 | AJ15: =AVERAGE('P101'!$AH15:$AI15)*'P101'!$H15 -> 4.2356661 | AK15: 0 | AL15: 0 | AM15: 0 | AN15: =(('P101'!$AL15+'P101'!$AM15))*'P101'!$AK15 -> 0 | AO15: 8 | AP15: =SUM('P101'!$U15) -> 7.5 | AQ15: =SUM(AN15,AJ15,AG15,AC15,X15,'P101'!$AO15) -> 32.285666 | AR15: ='P101'!$AP15+'P101'!$AQ15 -> 39.785666
... A18: jusgomez@espol.edu.ec | B18: 202411674 | C18: GOMEZ TACURI JUSTINE IBETH | D18: 8 | F18: 1.0248552 | G18: 1.0044944 | H18: 0.99477803 | I18: 1.5 | J18: 0 | K18: 0 | L18: =SUM('P101'!$I18:$K18) -> 1.5 | M18: 3 | N18: 2 | O18: 5 | P18: =SUM('P101'!$M18:$O18) -> 10 | Q18: 1.5 | R18: 2 | S18: 0 | T18: =SUM('P101'!$Q18:$S18) -> 3.5 | U18: =('P101'!$L18+'P101'!$P18+'P101'!$T18)*'P101'!$F18 -> 15.372828 | V18: 4.4 | W18: 7.3 | X18: =SUM('P101'!$V18:$W18)*'P101'!$G18 -> 11.752585 | Y18: 2 | Z18: 3 | AA18: 1.25 | AB18: =IF(SUM('P101'!$Y18:$AA18)>5.9,"SI","NO") -> SI | AC18: =SUM('P101'!$Y18:$AA18) -> 6.25 | AD18: 2 | AE18: 4 | AF18: =IF('P101'!$AG18>5.9,"SI","NO") -> SI | AG18: =SUM('P101'!$AD18:$AE18) -> 6 | AH18: 4 | AI18: 5 | AJ18: =AVERAGE('P101'!$AH18:$AI18)*'P101'!$H18 -> 4.4765011 | AK18: 1 | AL18: 5 | AM18: 6 | AN18: =(('P101'!$AL18+'P101'!$AM18))*'P101'!$AK18 -> 11 | AO18: 9.5 | AP18: =SUM('P101'!$U18) -> 15.372828 | AQ18: =SUM(AN18,AJ18,AG18,AC18,X18,'P101'!$AO18) -> 48.979086 | AR18: ='P101'!$AP18+'P101'!$AQ18 -> 64.351914
A19: angoestr@espol.edu.ec | B19: 202307872 | C19: GORDILLO ESTRADA ANGIE SOLANGE | D19: 5 | F19: 1.0010015 | G19: 1 | H19: 1.0025306 | I19: 0.75 | J19: 0 | K19: 0 | L19: =SUM('P101'!$I19:$K19) -> 0.75 | M19: 3 | N19: 2 | O19: 5 | P19: =SUM('P101'!$M19:$O19) -> 10 | Q19: 3 | R19: 1.75 | S19: 4.8 | T19: =SUM('P101'!$Q19:$S19) -> 9.55 | U19: =('P101'!$L19+'P101'!$P19+'P101'!$T19)*'P101'!$F19 -> 20.320331 | V19: 4.55 | W19: 6.4 | X19: =SUM('P101'!$V19:$W19)*'P101'!$G19 -> 10.95 | Y19: 1 | Z19: 1 | AA19: 4 | AB19: =IF(SUM('P101'!$Y19:$AA19)>5.9,"SI","NO") -> SI | AC19: =SUM('P101'!$Y19:$AA19) -> 6 | AD19: 1.5 | AE19: 7 | AF19: =IF('P101'!$AG19>5.9,"SI","NO") -> SI | AG19: =SUM('P101'!$AD19:$AE19) -> 8.5 | AH19: 3 | AI19: 4.5 | AJ19: =AVERAGE('P101'!$AH19:$AI19)*'P101'!$H19 -> 3.7594897 | AK19: 1 | AL19: 5 | AM19: 9 | AN19: =(('P101'!$AL19+'P101'!$AM19))*'P101'!$AK19 -> 14 | AO19: 10 | AP19: =SUM('P101'!$U19) -> 20.320331 | AQ19: =SUM(AN19,AJ19,AG19,AC19,X19,'P101'!$AO19) -> 53.20949 | AR19: 94
A20: silvguam@espol.edu.ec | B20: 202503249 | C20: GUAMAN CEDEÃ‘O SILVIA LISSETTE | D20: 4 | F20: 1.0305081 | G20: 1.1470787 | H20: 1.0350983 | I20: 3 | J20: 0.75 | K20: 4.9 | L20: =SUM('P101'!$I20:$K20) -> 8.65 | M20: 3 | N20: 2 | O20: 5 | P20: =SUM('P101'!$M20:$O20) -> 10 | Q20: 1.5 | R20: 2 | S20: 0 | T20: =SUM('P101'!$Q20:$S20) -> 3.5 | U20: =('P101'!$L20+'P101'!$P20+'P101'!$T20)*'P101'!$F20 -> 22.825754 | V20: 4.6 | W20: 8.3 | X20: =SUM('P101'!$V20:$W20)*'P101'!$G20 -> 14.797315 | Y20: 2 | Z20: 1.5 | AA20: 1.25 | AB20: =IF(SUM('P101'!$Y20:$AA20)>5.9,"SI","NO") -> NO | AC20: =SUM('P101'!$Y20:$AA20) -> 4.75 | AD20: 2 | AE20: 4 | AF20: =IF('P101'!$AG20>5.9,"SI","NO") -> SI | AG20: =SUM('P101'!$AD20:$AE20) -> 6 | AH20: 4.5 | AI20: 4.5 | AJ20: =AVERAGE('P101'!$AH20:$AI20)*'P101'!$H20 -> 4.6579425 | AK20: 1 | AL20: 0 | AM20: 0 | AN20: =(('P101'!$AL20+'P101'!$AM20))*'P101'!$AK20 -> 0 | AO20: 10 | AP20: =SUM('P101'!$U20) -> 22.825754 | AQ20: =SUM(AN20,AJ20,AG20,AC20,X20,'P101'!$AO20) -> 40.205257 | AR20: ='P101'!$AP20+'P101'!$AQ20 -> 63.031011
A21: alexhelg@espol.edu.ec | B21: 202403002 | C21: HELGUERO VILLON ALEXIS MARCOS | D21: 7 | F21: 1 | G21: 0.97958969 | H21: 0.5 | I21: 3 | J21: 0.75 | K21: 3.55 | L21: =SUM('P101'!$I21:$K21) -> 7.3 | M21: 0 | N21: 0 | O21: 0 | P21: =SUM('P101'!$M21:$O21) -> 0 | Q21: 1.13 | R21: 1.25 | S21: 0 | T21: =SUM('P101'!$Q21:$S21) -> 2.38 | U21: =('P101'!$L21+'P101'!$P21+'P101'!$T21)*'P101'!$F21 -> 9.68 | V21: 4.2 | W21: 7.3 | X21: =SUM('P101'!$V21:$W21)*'P101'!$G21 -> 11.265281 | Y21: 1.5 | Z21: 0 | AA21: 0 | AB21: =IF(SUM('P101'!$Y21:$AA21)>5.9,"SI","NO") -> NO | AC21: =SUM('P101'!$Y21:$AA21) -> 1.5 | AD21: 1.5 | AE21: 0 | AF21: =IF('P101'!$AG21>5.9,"SI","NO") -> NO | AG21: =SUM('P101'!$AD21:$AE21) -> 1.5 | AH21: 0 | AI21: 0 | AJ21: =AVERAGE('P101'!$AH21:$AI21)*'P101'!$H21 -> 0 | AK21: 0 | AL21: 0 | AM21: 0 | AN21: =(('P101'!$AL21+'P101'!$AM21))*'P101'!$AK21 -> 0 | AO21: 0 | AP21: =SUM('P101'!$U21) -> 9.68 | AQ21: =SUM(AN21,AJ21,AG21,AC21,X21,'P101'!$AO21) -> 14.265281 | AR21: ='P101'!$AP21+'P101'!$AQ21 -> 23.945281
A22: edhernan@espol.edu.ec | B22: 202508842 | C22: HERNANDEZ TRIVIÃ‘O EDWIN JAVIER | D22: 2 | F22: 1 | G22: 0.5 | H22: 1.0050378 | I22: 2.25 | J22: 1.75 | K22: 4.65 | L22: =SUM('P101'!$I22:$K22) -> 8.65 | M22: 3 | N22: 2 | O22: 5 | P22: =SUM('P101'!$M22:$O22) -> 10 | Q22: 2.25 | R22: 1.75 | S22: 4.45 | T22: =SUM('P101'!$Q22:$S22) -> 8.45 | U22: =('P101'!$L22+'P101'!$P22+'P101'!$T22)*'P101'!$F22 -> 27.1 | V22: 5 | W22: 6.8 | X22: =SUM('P101'!$V22:$W22)*'P101'!$G22 -> 5.9 | Y22: 0.5 | Z22: 1.5 | AA22: 4 | AB22: =IF(SUM('P101'!$Y22:$AA22)>5.9,"SI","NO") -> SI | AC22: =SUM('P101'!$Y22:$AA22) -> 6 | AD22: 2 | AE22: 4.25 | AF22: =IF('P101'!$AG22>5.9,"SI","NO") -> SI | AG22: =SUM('P101'!$AD22:$AE22) -> 6.25 | AH22: 5 | AI22: 3.5 | AJ22: =AVERAGE('P101'!$AH22:$AI22)*'P101'!$H22 -> 4.2714107 | AK22: 1 | AL22: 9 | AM22: 6 | AN22: =(('P101'!$AL22+'P101'!$AM22))*'P101'!$AK22 -> 15 | AO22: 8 | AP22: =SUM('P101'!$U22) -> 27.1 | AQ22: =SUM(AN22,AJ22,AG22,AC22,X22,'P101'!$AO22) -> 45.421411 | AR22: ='P101'!$AP22+'P101'!$AQ22 -> 72.521411
A23: jelarena@espol.edu.ec | B23: 202509030 | C23: LARENA ALCIVAR JEANPOUL ALEXANDER | D23: 1 | F23: 1.1521431 | G23: 1.069045 | H23: 1.2015028 | I23: 3 | J23: 1.25 | K23: 5 | L23: =SUM('P101'!$I23:$K23) -> 9.25 | M23: 3 | N23: 2 | O23: 5 | P23: =SUM('P101'!$M23:$O23) -> 10 | Q23: 0.5 | R23: 1.75 | S23: 0 | T23: =SUM('P101'!$Q23:$S23) -> 2.25 | U23: =('P101'!$L23+'P101'!$P23+'P101'!$T23)*'P101'!$F23 -> 24.771076 | V23: 4.65 | W23: 6.8 | X23: =SUM('P101'!$V23:$W23)*'P101'!$G23 -> 12.240565 | Y23: 1.5 | Z23: 3 | AA23: 3.75 | AB23: =IF(SUM('P101'!$Y23:$AA23)>5.9,"SI","NO") -> SI | AC23: =SUM('P101'!$Y23:$AA23) -> 8.25 | AD23: 1.5 | AE23: 5.5 | AF23: =IF('P101'!$AG23>5.9,"SI","NO") -> SI | AG23: =SUM('P101'!$AD23:$AE23) -> 7 | AH23: 4 | AI23: 5 | AJ23: =AVERAGE('P101'!$AH23:$AI23)*'P101'!$H23 -> 5.4067627 | AK23: 1 | AL23: 6 | AM23: 10 | AN23: =(('P101'!$AL23+'P101'!$AM23))*'P101'!$AK23 -> 16 | AO23: 9.75 | AP23: =SUM('P101'!$U23) -> 24.771076 | AQ23: =SUM(AN23,AJ23,AG23,AC23,X23,'P101'!$AO23) -> 58.647328 | AR23: ='P101'!$AP23+'P101'!$AQ23 -> 83.418403
A24: krisleon@espol.edu.ec | B24: 202410155 | C24: LEON VELIZ KRISTHEL BRIGGITTE | D24: 8 | F24: 1.0459885 | G24: 1.0397505 | H24: 1.0206207 | I24: 3 | J24: 1.25 | K24: 2.1 | L24: =SUM('P101'!$I24:$K24) -> 6.35 | M24: 3 | N24: 2 | O24: 5 | P24: =SUM('P101'!$M24:$O24) -> 10 | Q24: 1.5 | R24: 2 | S24: 0 | T24: =SUM('P101'!$Q24:$S24) -> 3.5 | U24: =('P101'!$L24+'P101'!$P24+'P101'!$T24)*'P101'!$F24 -> 20.762871 | V24: 4.4 | W24: 7.3 | X24: =SUM('P101'!$V24:$W24)*'P101'!$G24 -> 12.165081 | Y24: 1.5 | Z24: 1 | AA24: 3.5 | AB24: =IF(SUM('P101'!$Y24:$AA24)>5.9,"SI","NO") -> SI | AC24: =SUM('P101'!$Y24:$AA24) -> 6 | AD24: 2 | AE24: 4 | AF24: =IF('P101'!$AG24>5.9,"SI","NO") -> SI | AG24: =SUM('P101'!$AD24:$AE24) -> 6 | AH24: 4 | AI24: 5 | AJ24: =AVERAGE('P101'!$AH24:$AI24)*'P101'!$H24 -> 4.5927933 | AK24: 1 | AL24: 8 | AM24: 7 | AN24: =(('P101'!$AL24+'P101'!$AM24))*'P101'!$AK24 -> 15 | AO24: 9.5 | AP24: =SUM('P101'!$U24) -> 20.762871 | AQ24: =SUM(AN24,AJ24,AG24,AC24,X24,'P101'!$AO24) -> 53.257874 | AR24: ='P101'!$AP24+'P101'!$AQ24 -> 74.020745
A25: xiolitar@espol.edu.ec | B25: 202505939 | C25: LITARDO MEDINA XIOMARA MISHELLE | D25: 3 | F25: 0.99893787 | G25: 1.0081542 | H25: 0.99477803 | I25: 3 | J25: 1 | K25: 4.1 | L25: =SUM('P101'!$I25:$K25) -> 8.1 | M25: 3 | N25: 2 | O25: 5 | P25: =SUM('P101'!$M25:$O25) -> 10 | Q25: 1.5 | R25: 2 | S25: 0 | T25: =SUM('P101'!$Q25:$S25) -> 3.5 | U25: =('P101'!$L25+'P101'!$P25+'P101'!$T25)*'P101'!$F25 -> 21.577058 | V25: 3.25 | W25: 5.2 | X25: =SUM('P101'!$V25:$W25)*'P101'!$G25 -> 8.5189032 | Y25: 1.5 | Z25: 0 | AA25: 2.5 | AB25: =IF(SUM('P101'!$Y25:$AA25)>5.9,"SI","NO") -> NO | AC25: =SUM('P101'!$Y25:$AA25) -> 4 | AD25: 1 | AE25: 5.25 | AF25: =IF('P101'!$AG25>5.9,"SI","NO") -> SI | AG25: =SUM('P101'!$AD25:$AE25) -> 6.25 | AH25: 4.5 | AI25: 5 | AJ25: =AVERAGE('P101'!$AH25:$AI25)*'P101'!$H25 -> 4.7251957 | AK25: 0 | AL25: 0 | AM25: 0 | AN25: =(('P101'!$AL25+'P101'!$AM25))*'P101'!$AK25 -> 0 | AO25: 7.5 | AP25: =SUM('P101'!$U25) -> 21.577058 | AQ25: =SUM(AN25,AJ25,AG25,AC25,X25,'P101'!$AO25) -> 30.994099 | AR25: ='P101'!$AP25+'P101'!$AQ25 -> 52.571157
A26: irwiluci@espol.edu.ec | B26: 202510350 | C26: LUCIN MUÃ‘IZ IRWIN AARON | D26: 7 | F26: 1 | G26: 1.0050378 | H26: 0.96768599 | I26: 3 | J26: 0.75 | K26: 3.55 | L26: =SUM('P101'!$I26:$K26) -> 7.3 | M26: 3 | N26: 2 | O26: 5 | P26: =SUM('P101'!$M26:$O26) -> 10 | Q26: 0 | R26: 1.25 | S26: 0 | T26: =SUM('P101'!$Q26:$S26) -> 1.25 | U26: =('P101'!$L26+'P101'!$P26+'P101'!$T26)*'P101'!$F26 -> 18.55 | V26: 4.2 | W26: 7.3 | X26: =SUM('P101'!$V26:$W26)*'P101'!$G26 -> 11.557935 | Y26: 1.5 | Z26: 1.5 | AA26: 3.75 | AB26: =IF(SUM('P101'!$Y26:$AA26)>5.9,"SI","NO") -> SI | AC26: =SUM('P101'!$Y26:$AA26) -> 6.75 | AD26: 1.5 | AE26: 0 | AF26: =IF('P101'!$AG26>5.9,"SI","NO") -> NO | AG26: =SUM('P101'!$AD26:$AE26) -> 1.5 | AH26: 0 | AI26: 0 | AJ26: =AVERAGE('P101'!$AH26:$AI26)*'P101'!$H26 -> 0 | AK26: 0 | AL26: 0 | AM26: 0 | AN26: =(('P101'!$AL26+'P101'!$AM26))*'P101'!$AK26 -> 0 | AO26: 0 | AP26: =SUM('P101'!$U26) -> 18.55 | AQ26: =SUM(AN26,AJ26,AG26,AC26,X26,'P101'!$AO26) -> 19.807935 | AR26: ='P101'!$AP26+'P101'!$AQ26 -> 38.357935
A27: rodmacas@espol.edu.ec | B27: 202501458 | C27: MACAS CABRERA RODRIGO STEPHAN | D27: 9 | F27: 0.989927 | G27: 1.0625224 | H27: 1.0073724 | I27: 2.25 | J27: 1.25 | K27: 4.15 | L27: =SUM('P101'!$I27:$K27) -> 7.65 | M27: 3 | N27: 2 | O27: 5 | P27: =SUM('P101'!$M27:$O27) -> 10 | Q27: 2 | R27: 1.5 | S27: 3.5 | T27: =SUM('P101'!$Q27:$S27) -> 7 | U27: =('P101'!$L27+'P101'!$P27+'P101'!$T27)*'P101'!$F27 -> 24.4017 | V27: 4.55 | W27: 3.1 | X27: =SUM('P101'!$V27:$W27)*'P101'!$G27 -> 8.1282961 | Y27: 1 | Z27: 0 | AA27: 1.25 | AB27: =IF(SUM('P101'!$Y27:$AA27)>5.9,"SI","NO") -> NO | AC27: =SUM('P101'!$Y27:$AA27) -> 2.25 | AD27: 1 | AE27: 5 | AF27: =IF('P101'!$AG27>5.9,"SI","NO") -> SI | AG27: =SUM('P101'!$AD27:$AE27) -> 6 | AH27: 0 | AI27: 0 | AJ27: =AVERAGE('P101'!$AH27:$AI27)*'P101'!$H27 -> 0 | AK27: 0 | AL27: 0 | AM27: 0 | AN27: =(('P101'!$AL27+'P101'!$AM27))*'P101'!$AK27 -> 0 | AO27: 5.5 | AP27: =SUM('P101'!$U27) -> 24.4017 | AQ27: =SUM(AN27,AJ27,AG27,AC27,X27,'P101'!$AO27) -> 21.878296 | AR27: ='P101'!$AP27+'P101'!$AQ27 -> 46.279997
A28: jogamanj@espol.edu.ec | B28: 202211207 | C28: MANJARRES MOLINA JOSE GABRIEL | D28: 6 | F28: 1 | G28: 1 | H28: 0.96656922 | I28: 2.25 | J28: 1.25 | K28: 3.95 | L28: =SUM('P101'!$I28:$K28) -> 7.45 | M28: 3 | N28: 2 | O28: 5 | P28: =SUM('P101'!$M28:$O28) -> 10 | Q28: 1.8 | R28: 1.75 | S28: 3.95 | T28: =SUM('P101'!$Q28:$S28) -> 7.5 | U28: =('P101'!$L28+'P101'!$P28+'P101'!$T28)*'P101'!$F28 -> 24.95 | V28: 4.9 | W28: 8.6 | X28: =SUM('P101'!$V28:$W28)*'P101'!$G28 -> 13.5 | Y28: 2 | Z28: 3 | AA28: 3.75 | AB28: =IF(SUM('P101'!$Y28:$AA28)>5.9,"SI","NO") -> SI | AC28: =SUM('P101'!$Y28:$AA28) -> 8.75 | AD28: 1.75 | AE28: 6 | AF28: =IF('P101'!$AG28>5.9,"SI","NO") -> SI | AG28: =SUM('P101'!$AD28:$AE28) -> 7.75 | AH28: 5 | AI28: 4.5 | AJ28: =AVERAGE('P101'!$AH28:$AI28)*'P101'!$H28 -> 4.5912038 | AK28: 1 | AL28: 2.5 | AM28: 7 | AN28: =(('P101'!$AL28+'P101'!$AM28))*'P101'!$AK28 -> 9.5 | AO28: 10 | AP28: =SUM('P101'!$U28) -> 24.95 | AQ28: =SUM(AN28,AJ28,AG28,AC28,X28,'P101'!$AO28) -> 54.091204 | AR28: ='P101'!$AP28+'P101'!$AQ28 -> 79.041204
A29: ivanmarc@espol.edu.ec | B29: 202318341 | C29: MARCILLO ALCIVAR IVAN JESUS | D29: 9 | F29: 0.99553569 | G29: 1.0060643 | H29: 1.0073724 | I29: 1.5 | J29: 0 | K29: 0 | L29: =SUM('P101'!$I29:$K29) -> 1.5 | M29: 3 | N29: 2 | O29: 5 | P29: =SUM('P101'!$M29:$O29) -> 10 | Q29: 1.63 | R29: 1.5 | S29: 0 | T29: =SUM('P101'!$Q29:$S29) -> 3.13 | U29: =('P101'!$L29+'P101'!$P29+'P101'!$T29)*'P101'!$F29 -> 14.564687 | V29: 4.55 | W29: 3.1 | X29: =SUM('P101'!$V29:$W29)*'P101'!$G29 -> 7.6963922 | Y29: 1.5 | Z29: 0 | AA29: 1.25 | AB29: =IF(SUM('P101'!$Y29:$AA29)>5.9,"SI","NO") -> NO | AC29: =SUM('P101'!$Y29:$AA29) -> 2.75 | AD29: 1 | AE29: 5 | AF29: =IF('P101'!$AG29>5.9,"SI","NO") -> SI | AG29: =SUM('P101'!$AD29:$AE29) -> 6 | AH29: 0 | AI29: 0 | AJ29: =AVERAGE('P101'!$AH29:$AI29)*'P101'!$H29 -> 0 | AK29: 0 | AL29: 0 | AM29: 0 | AN29: =(('P101'!$AL29+'P101'!$AM29))*'P101'!$AK29 -> 0 | AO29: 5.5 | AP29: =SUM('P101'!$U29) -> 14.564687 | AQ29: =SUM(AN29,AJ29,AG29,AC29,X29,'P101'!$AO29) -> 21.946392 | AR29: ='P101'!$AP29+'P101'!$AQ29 -> 36.511079
A30: rjmirand@espol.edu.ec | B30: 202300745 | C30: MIRANDA SANCHEZ REBECA JACQUELINE | D30: 5 | F30: 1.0010015 | G30: 1 | H30: 0.98124301 | I30: 2.25 | J30: 1.75 | K30: 4.1 | L30: =SUM('P101'!$I30:$K30) -> 8.1 | M30: 3 | N30: 2 | O30: 5 | P30: =SUM('P101'!$M30:$O30) -> 10 | Q30: 2 | R30: 1.75 | S30: 4.8 | T30: =SUM('P101'!$Q30:$S30) -> 8.55 | U30: =('P101'!$L30+'P101'!$P30+'P101'!$T30)*'P101'!$F30 -> 26.67669 | V30: 4.55 | W30: 6.4 | X30: =SUM('P101'!$V30:$W30)*'P101'!$G30 -> 10.95 | Y30: 1.5 | Z30: 0 | AA30: 4.5 | AB30: =IF(SUM('P101'!$Y30:$AA30)>5.9,"SI","NO") -> SI | AC30: =SUM('P101'!$Y30:$AA30) -> 6 | AD30: 1.5 | AE30: 7 | AF30: =IF('P101'!$AG30>5.9,"SI","NO") -> SI | AG30: =SUM('P101'!$AD30:$AE30) -> 8.5 | AH30: 3 | AI30: 4.5 | AJ30: =AVERAGE('P101'!$AH30:$AI30)*'P101'!$H30 -> 3.6796613 | AK30: 1 | AL30: 4 | AM30: 8.5 | AN30: =(('P101'!$AL30+'P101'!$AM30))*'P101'!$AK30 -> 12.5 | AO30: 10 | AP30: =SUM('P101'!$U30) -> 26.67669 | AQ30: =SUM(AN30,AJ30,AG30,AC30,X30,'P101'!$AO30) -> 51.629661 | AR30: 88
A31: susamora@espol.edu.ec | B31: 202510152 | C31: MORA LUGO SUSAN VALESKA | D31: 3 | F31: 0.99893787 | G31: 1.0081542 | H31: 0.99477803 | I31: 3 | J31: 1 | K31: 4.1 | L31: =SUM('P101'!$I31:$K31) -> 8.1 | M31: 3 | N31: 2 | O31: 5 | P31: =SUM('P101'!$M31:$O31) -> 10 | Q31: 1.5 | R31: 2 | S31: 0 | T31: =SUM('P101'!$Q31:$S31) -> 3.5 | U31: =('P101'!$L31+'P101'!$P31+'P101'!$T31)*'P101'!$F31 -> 21.577058 | V31: 3.25 | W31: 5.2 | X31: =SUM('P101'!$V31:$W31)*'P101'!$G31 -> 8.5189032 | Y31: 1.5 | Z31: 0 | AA31: 1.25 | AB31: =IF(SUM('P101'!$Y31:$AA31)>5.9,"SI","NO") -> NO | AC31: =SUM('P101'!$Y31:$AA31) -> 2.75 | AD31: 1 | AE31: 5.25 | AF31: =IF('P101'!$AG31>5.9,"SI","NO") -> SI | AG31: =SUM('P101'!$AD31:$AE31) -> 6.25 | AH31: 4.5 | AI31: 5 | AJ31: =AVERAGE('P101'!$AH31:$AI31)*'P101'!$H31 -> 4.7251957 | AK31: 0 | AL31: 0 | AM31: 0 | AN31: =(('P101'!$AL31+'P101'!$AM31))*'P101'!$AK31 -> 0 | AO31: 7.5 | AP31: =SUM('P101'!$U31) -> 21.577058 | AQ31: =SUM(AN31,AJ31,AG31,AC31,X31,'P101'!$AO31) -> 29.744099 | AR31: ='P101'!$AP31+'P101'!$AQ31 -> 51.321157
A32: gnordone@espol.edu.ec | B32: 202315552 | C32: ORDOÃ‘EZ OLLAGUE GENESIS NICOLE | D32: 4 | F32: 0.96395204 | G32: 1.0523574 | H32: 0.5 | I32: 3 | J32: 0.75 | K32: 4.9 | L32: =SUM('P101'!$I32:$K32) -> 8.65 | M32: 3 | N32: 2 | O32: 5 | P32: =SUM('P101'!$M32:$O32) -> 10 | Q32: 3 | R32: 2 | S32: 5 | T32: =SUM('P101'!$Q32:$S32) -> 10 | U32: =('P101'!$L32+'P101'!$P32+'P101'!$T32)*'P101'!$F32 -> 27.617226 | V32: 4.6 | W32: 8.3 | X32: =SUM('P101'!$V32:$W32)*'P101'!$G32 -> 13.575411 | Y32: 1 | Z32: 0 | AA32: 5 | AB32: =IF(SUM('P101'!$Y32:$AA32)>5.9,"SI","NO") -> SI | AC32: =SUM('P101'!$Y32:$AA32) -> 6 | AD32: 2 | AE32: 4 | AF32: =IF('P101'!$AG32>5.9,"SI","NO") -> SI | AG32: =SUM('P101'!$AD32:$AE32) -> 6 | AH32: 4.5 | AI32: 4.5 | AJ32: =AVERAGE('P101'!$AH32:$AI32)*'P101'!$H32 -> 2.25 | AK32: 1 | AL32: 8.5 | AM32: 8.5 | AN32: =(('P101'!$AL32+'P101'!$AM32))*'P101'!$AK32 -> 17 | AO32: 10 | AP32: =SUM('P101'!$U32) -> 27.617226 | AQ32: =SUM(AN32,AJ32,AG32,AC32,X32,'P101'!$AO32) -> 54.825411 | AR32: ='P101'!$AP32+'P101'!$AQ32 -> 82.442637
A33: jopaguay@espol.edu.ec | B33: 202501904 | C33: PAGUAY GOMEZ JOSE DANIEL | D33: 9 | F33: 1.0552657 | G33: 1.0806865 | H33: 1.0073724 | I33: 3 | J33: 1.25 | K33: 4.15 | L33: =SUM('P101'!$I33:$K33) -> 8.4 | M33: 3 | N33: 2 | O33: 5 | P33: =SUM('P101'!$M33:$O33) -> 10 | Q33: 0.75 | R33: 1.5 | S33: 0 | T33: =SUM('P101'!$Q33:$S33) -> 2.25 | U33: =('P101'!$L33+'P101'!$P33+'P101'!$T33)*'P101'!$F33 -> 21.791237 | V33: 4.55 | W33: 3.1 | X33: =SUM('P101'!$V33:$W33)*'P101'!$G33 -> 8.2672514 | Y33: 1 | Z33: 0 | AA33: 1.25 | AB33: =IF(SUM('P101'!$Y33:$AA33)>5.9,"SI","NO") -> NO | AC33: =SUM('P101'!$Y33:$AA33) -> 2.25 | AD33: 1 | AE33: 5 | AF33: =IF('P101'!$AG33>5.9,"SI","NO") -> SI | AG33: =SUM('P101'!$AD33:$AE33) -> 6 | AH33: 0 | AI33: 0 | AJ33: =AVERAGE('P101'!$AH33:$AI33)*'P101'!$H33 -> 0 | AK33: 0 | AL33: 0 | AM33: 0 | AN33: =(('P101'!$AL33+'P101'!$AM33))*'P101'!$AK33 -> 0 | AO33: 5.5 | AP33: =SUM('P101'!$U33) -> 21.791237 | AQ33: =SUM(AN33,AJ33,AG33,AC33,X33,'P101'!$AO33) -> 22.017251 | AR33: ='P101'!$AP33+'P101'!$AQ33 -> 43.808489
A34: adriapaz@espol.edu.ec | B34: 202506929 | C34: PAZ BRITO ADRIAN ALEJANDRO | D34: 10 | F34: 1 | G34: 0.9769268 | H34: 1.0192944 | I34: 3 | J34: 2 | K34: 4.7 | L34: =SUM('P101'!$I34:$K34) -> 9.7 | M34: 3 | N34: 2 | O34: 5 | P34: =SUM('P101'!$M34:$O34) -> 10 | Q34: 1 | R34: 2 | S34: 0 | T34: =SUM('P101'!$Q34:$S34) -> 3 | U34: =('P101'!$L34+'P101'!$P34+'P101'!$T34)*'P101'!$F34 -> 22.7 | V34: 4.05 | W34: 6 | X34: =SUM('P101'!$V34:$W34)*'P101'!$G34 -> 9.8181143 | Y34: 2 | Z34: 1.5 | AA34: 2.5 | AB34: =IF(SUM('P101'!$Y34:$AA34)>5.9,"SI","NO") -> SI | AC34: =SUM('P101'!$Y34:$AA34) -> 6 | AD34: 1.5 | AE34: 5 | AF34: =IF('P101'!$AG34>5.9,"SI","NO") -> SI | AG34: =SUM('P101'!$AD34:$AE34) -> 6.5 | AH34: 0 | AI34: 0 | AJ34: =AVERAGE('P101'!$AH34:$AI34)*'P101'!$H34 -> 0 | AK34: 0 | AL34: 0 | AM34: 0 | AN34: =(('P101'!$AL34+'P101'!$AM34))*'P101'!$AK34 -> 0 | AO34: 8.5 | AP34: =SUM('P101'!$U34) -> 22.7 | AQ34: =SUM(AN34,AJ34,AG34,AC34,X34,'P101'!$AO34) -> 30.818114 | AR34: ='P101'!$AP34+'P101'!$AQ34 -> 53.518114
A35: jerepazm@espol.edu.ec | B35: 202507158 | C35: PAZMIÃ‘O PADILLA JEREMY ARTURO | D35: 8 | F35: 0.86886329 | G35: 0.5 | H35: 0.99477803 | I35: 3 | J35: 1.25 | K35: 2.1 | L35: =SUM('P101'!$I35:$K35) -> 6.35 | M35: 0 | N35: 0 | O35: 0 | P35: =SUM('P101'!$M35:$O35) -> 0 | Q35: 2.25 | R35: 2 | S35: 0 | T35: =SUM('P101'!$Q35:$S35) -> 4.25 | U35: =('P101'!$L35+'P101'!$P35+'P101'!$T35)*'P101'!$F35 -> 9.2099509 | V35: 4.4 | W35: 7.3 | X35: =SUM('P101'!$V35:$W35)*'P101'!$G35 -> 5.85 | Y35: 1 | Z35: 0 | AA35: 2.5 | AB35: =IF(SUM('P101'!$Y35:$AA35)>5.9,"SI","NO") -> NO | AC35: =SUM('P101'!$Y35:$AA35) -> 3.5 | AD35: 2 | AE35: 4 | AF35: =IF('P101'!$AG35>5.9,"SI","NO") -> SI | AG35: =SUM('P101'!$AD35:$AE35) -> 6 | AH35: 4 | AI35: 0 | AJ35: =AVERAGE('P101'!$AH35:$AI35)*'P101'!$H35 -> 1.9895561 | AK35: 1 | AL35: 0 | AM35: 0 | AN35: =(('P101'!$AL35+'P101'!$AM35))*'P101'!$AK35 -> 0 | AO35: 9.5 | AP35: =SUM('P101'!$U35) -> 9.2099509 | AQ35: =SUM(AN35,AJ35,AG35,AC35,X35,'P101'!$AO35) -> 26.839556 | AR35: ='P101'!$AP35+'P101'!$AQ35 -> 36.049507
A36: livperal@espol.edu.ec | B36: 202502837 | C36: PERALTA SANCHEZ LIVINTON STEVEN | D36: 1 | F36: 1.1170441 | G36: 1.069045 | H36: 1.3207426 | I36: 3 | J36: 1.25 | K36: 5 | L36: =SUM('P101'!$I36:$K36) -> 9.25 | M36: 3 | N36: 2 | O36: 5 | P36: =SUM('P101'!$M36:$O36) -> 10 | Q36: 1.25 | R36: 1.75 | S36: 2.8 | T36: =SUM('P101'!$Q36:$S36) -> 5.8 | U36: =('P101'!$L36+'P101'!$P36+'P101'!$T36)*'P101'!$F36 -> 27.981956 | V36: 4.65 | W36: 6.8 | X36: =SUM('P101'!$V36:$W36)*'P101'!$G36 -> 12.240565 | Y36: 1.5 | Z36: 0 | AA36: 5 | AB36: =IF(SUM('P101'!$Y36:$AA36)>5.9,"SI","NO") -> SI | AC36: =SUM('P101'!$Y36:$AA36) -> 6.5 | AD36: 1.5 | AE36: 5.5 | AF36: =IF('P101'!$AG36>5.9,"SI","NO") -> SI | AG36: =SUM('P101'!$AD36:$AE36) -> 7 | AH36: 4 | AI36: 5 | AJ36: =AVERAGE('P101'!$AH36:$AI36)*'P101'!$H36 -> 5.9433415 | AK36: 1 | AL36: 6 | AM36: 8 | AN36: =(('P101'!$AL36+'P101'!$AM36))*'P101'!$AK36 -> 14 | AO36: 9.75 | AP36: =SUM('P101'!$U36) -> 27.981956 | AQ36: =SUM(AN36,AJ36,AG36,AC36,X36,'P101'!$AO36) -> 55.433906 | AR36: ='P101'!$AP36+'P101'!$AQ36 -> 83.415862
A37: marplata@espol.edu.ec | B37: 202202586 | C37: PEREZ LATA MARIO ROGELIO | D37: 8 | F37: 1.0248552 | G37: 0.99849737 | H37: 0.99477803 | I37: 2.25 | J37: 1.25 | K37: 2.1 | L37: =SUM('P101'!$I37:$K37) -> 5.6 | M37: 3 | N37: 2 | O37: 5 | P37: =SUM('P101'!$M37:$O37) -> 10 | Q37: 2.25 | R37: 2 | S37: 3.85 | T37: =SUM('P101'!$Q37:$S37) -> 8.1 | U37: =('P101'!$L37+'P101'!$P37+'P101'!$T37)*'P101'!$F37 -> 24.289069 | V37: 4.4 | W37: 7.3 | X37: =SUM('P101'!$V37:$W37)*'P101'!$G37 -> 11.682419 | Y37: 2 | Z37: 0 | AA37: 4 | AB37: =IF(SUM('P101'!$Y37:$AA37)>5.9,"SI","NO") -> SI | AC37: =SUM('P101'!$Y37:$AA37) -> 6 | AD37: 2 | AE37: 4 | AF37: =IF('P101'!$AG37>5.9,"SI","NO") -> SI | AG37: =SUM('P101'!$AD37:$AE37) -> 6 | AH37: 4 | AI37: 5 | AJ37: =AVERAGE('P101'!$AH37:$AI37)*'P101'!$H37 -> 4.4765011 | AK37: 1 | AL37: 7 | AM37: 7 | AN37: =(('P101'!$AL37+'P101'!$AM37))*'P101'!$AK37 -> 14 | AO37: 9.5 | AP37: =SUM('P101'!$U37) -> 24.289069 | AQ37: =SUM(AN37,AJ37,AG37,AC37,X37,'P101'!$AO37) -> 51.65892 | AR37: ='P101'!$AP37+'P101'!$AQ37 -> 75.947989
A38: ariperez@espol.edu.ec | B38: 202501276 | C38: PEREZ LINO ARIEL ALEJANDRO | D38: 10 | F38: 1 | G38: 1.0052494 | H38: 1.0192944 | I38: 2.25 | J38: 2 | K38: 4.7 | L38: =SUM('P101'!$I38:$K38) -> 8.95 | M38: 3 | N38: 2 | O38: 5 | P38: =SUM('P101'!$M38:$O38) -> 10 | Q38: 2.25 | R38: 2 | S38: 4.45 | T38: =SUM('P101'!$Q38:$S38) -> 8.7 | U38: =('P101'!$L38+'P101'!$P38+'P101'!$T38)*'P101'!$F38 -> 27.65 | V38: 4.05 | W38: 6 | X38: =SUM('P101'!$V38:$W38)*'P101'!$G38 -> 10.102756 | Y38: 2 | Z38: 1.5 | AA38: 3.75 | AB38: =IF(SUM('P101'!$Y38:$AA38)>5.9,"SI","NO") -> SI | AC38: =SUM('P101'!$Y38:$AA38) -> 7.25 | AD38: 1.5 | AE38: 5 | AF38: =IF('P101'!$AG38>5.9,"SI","NO") -> SI | AG38: =SUM('P101'!$AD38:$AE38) -> 6.5 | AH38: 0 | AI38: 0 | AJ38: =AVERAGE('P101'!$AH38:$AI38)*'P101'!$H38 -> 0 | AK38: 0 | AL38: 0 | AM38: 0 | AN38: =(('P101'!$AL38+'P101'!$AM38))*'P101'!$AK38 -> 0 | AO38: 8.5 | AP38: =SUM('P101'!$U38) -> 27.65 | AQ38: =SUM(AN38,AJ38,AG38,AC38,X38,'P101'!$AO38) -> 32.352756 | AR38: ='P101'!$AP38+'P101'!$AQ38 -> 60.002756
A39: ceproano@espol.edu.ec | B39: 202504981 | C39: PROAÃ‘O GUERRERO CESAR DAVID | D39: 4 | F39: 1.0517579 | G39: 1.0831646 | H39: 1.0088891 | I39: 3 | J39: 0.75 | K39: 4.9 | L39: =SUM('P101'!$I39:$K39) -> 8.65 | M39: 3 | N39: 2 | O39: 5 | P39: =SUM('P101'!$M39:$O39) -> 10 | Q39: 0.88 | R39: 2 | S39: 0 | T39: =SUM('P101'!$Q39:$S39) -> 2.88 | U39: =('P101'!$L39+'P101'!$P39+'P101'!$T39)*'P101'!$F39 -> 22.644348 | V39: 4.6 | W39: 8.3 | X39: =SUM('P101'!$V39:$W39)*'P101'!$G39 -> 13.972824 | Y39: 1.5 | Z39: 0 | AA39: 3 | AB39: =IF(SUM('P101'!$Y39:$AA39)>5.9,"SI","NO") -> NO | AC39: =SUM('P101'!$Y39:$AA39) -> 4.5 | AD39: 2 | AE39: 4 | AF39: =IF('P101'!$AG39>5.9,"SI","NO") -> SI | AG39: =SUM('P101'!$AD39:$AE39) -> 6 | AH39: 4.5 | AI39: 4.5 | AJ39: =AVERAGE('P101'!$AH39:$AI39)*'P101'!$H39 -> 4.5400008 | AK39: 1 | AL39: 0 | AM39: 0 | AN39: =(('P101'!$AL39+'P101'!$AM39))*'P101'!$AK39 -> 0 | AO39: 10 | AP39: =SUM('P101'!$U39) -> 22.644348 | AQ39: =SUM(AN39,AJ39,AG39,AC39,X39,'P101'!$AO39) -> 39.012825 | AR39: ='P101'!$AP39+'P101'!$AQ39 -> 61.657172
A40: rafaquin@espol.edu.ec | B40: 202509444 | C40: QUIÃ‘ONEZ ABARCA RAFAELA ALEJANDRA | D40: 10 | F40: 1 | G40: 1.0052494 | H40: 1.0192944 | I40: 3 | J40: 2 | K40: 4.7 | L40: =SUM('P101'!$I40:$K40) -> 9.7 | M40: 3 | N40: 2 | O40: 5 | P40: =SUM('P101'!$M40:$O40) -> 10 | Q40: 2.25 | R40: 2 | S40: 4.45 | T40: =SUM('P101'!$Q40:$S40) -> 8.7 | U40: =('P101'!$L40+'P101'!$P40+'P101'!$T40)*'P101'!$F40 -> 28.4 | V40: 4.05 | W40: 6 | X40: =SUM('P101'!$V40:$W40)*'P101'!$G40 -> 10.102756 | Y40: 1.5 | Z40: 2.3 | AA40: 3.75 | AB40: =IF(SUM('P101'!$Y40:$AA40)>5.9,"SI","NO") -> SI | AC40: =SUM('P101'!$Y40:$AA40) -> 7.55 | AD40: 1.5 | AE40: 5 | AF40: =IF('P101'!$AG40>5.9,"SI","NO") -> SI | AG40: =SUM('P101'!$AD40:$AE40) -> 6.5 | AH40: 0 | AI40: 0 | AJ40: =AVERAGE('P101'!$AH40:$AI40)*'P101'!$H40 -> 0 | AK40: 0 | AL40: 0 | AM40: 0 | AN40: =(('P101'!$AL40+'P101'!$AM40))*'P101'!$AK40 -> 0 | AO40: 8.5 | AP40: =SUM('P101'!$U40) -> 28.4 | AQ40: =SUM(AN40,AJ40,AG40,AC40,X40,'P101'!$AO40) -> 32.652756 | AR40: ='P101'!$AP40+'P101'!$AQ40 -> 61.052756
A41: ferramos@espol.edu.ec | B41: 202509394 | C41: RAMOS YAGUAL FERNANDO JOSE | D41: 9 | F41: 0.97290692 | G41: 0.973 | H41: 0.96740391 | I41: 2.25 | J41: 1.25 | K41: 4.15 | L41: =SUM('P101'!$I41:$K41) -> 7.65 | M41: 3 | N41: 2 | O41: 5 | P41: =SUM('P101'!$M41:$O41) -> 10 | Q41: 0 | R41: 1.5 | S41: 0 | T41: =SUM('P101'!$Q41:$S41) -> 1.5 | U41: =('P101'!$L41+'P101'!$P41+'P101'!$T41)*'P101'!$F41 -> 18.631168 | V41: 4.55 | W41: 3.1 | X41: =SUM('P101'!$V41:$W41)*'P101'!$G41 -> 7.44345 | Y41: 1 | Z41: 0 | AA41: 5 | AB41: =IF(SUM('P101'!$Y41:$AA41)>5.9,"SI","NO") -> SI | AC41: =SUM('P101'!$Y41:$AA41) -> 6 | AD41: 1 | AE41: 5 | AF41: =IF('P101'!$AG41>5.9,"SI","NO") -> SI | AG41: =SUM('P101'!$AD41:$AE41) -> 6 | AH41: 0 | AI41: 0 | AJ41: =AVERAGE('P101'!$AH41:$AI41)*'P101'!$H41 -> 0 | AK41: 0 | AL41: 0 | AM41: 0 | AN41: =(('P101'!$AL41+'P101'!$AM41))*'P101'!$AK41 -> 0 | AO41: 5.5 | AP41: =SUM('P101'!$U41) -> 18.631168 | AQ41: =SUM(AN41,AJ41,AG41,AC41,X41,'P101'!$AO41) -> 24.94345 | AR41: ='P101'!$AP41+'P101'!$AQ41 -> 43.574618
A42: andreyes@espol.edu.ec | B42: 202509667 | C42: REYES GALARZA ANDRE DAVID | D42: 10 | F42: 1 | G42: 0.5 | H42: 0.91168461 | I42: 2.25 | J42: 2 | K42: 4.7 | L42: =SUM('P101'!$I42:$K42) -> 8.95 | M42: 3 | N42: 2 | O42: 5 | P42: =SUM('P101'!$M42:$O42) -> 10 | Q42: 0 | R42: 2 | S42: 0 | T42: =SUM('P101'!$Q42:$S42) -> 2 | U42: =('P101'!$L42+'P101'!$P42+'P101'!$T42)*'P101'!$F42 -> 20.95 | V42: 4.05 | W42: 6 | X42: =SUM('P101'!$V42:$W42)*'P101'!$G42 -> 5.025 | Y42: 1.5 | Z42: 3 | AA42: 3.75 | AB42: =IF(SUM('P101'!$Y42:$AA42)>5.9,"SI","NO") -> SI | AC42: =SUM('P101'!$Y42:$AA42) -> 8.25 | AD42: 1.5 | AE42: 5 | AF42: =IF('P101'!$AG42>5.9,"SI","NO") -> SI | AG42: =SUM('P101'!$AD42:$AE42) -> 6.5 | AH42: 0 | AI42: 0 | AJ42: =AVERAGE('P101'!$AH42:$AI42)*'P101'!$H42 -> 0 | AK42: 0 | AL42: 0 | AM42: 0 | AN42: =(('P101'!$AL42+'P101'!$AM42))*'P101'!$AK42 -> 0 | AO42: 8.5 | AP42: =SUM('P101'!$U42) -> 20.95 | AQ42: =SUM(AN42,AJ42,AG42,AC42,X42,'P101'!$AO42) -> 28.275 | AR42: ='P101'!$AP42+'P101'!$AQ42 -> 49.225
A43: joscusme@espol.edu.ec | B43: 202504395 | C43: RODRIGUEZ CUSME JOSTIN JONATHAN | D43: 5 | F43: 1.0010015 | G43: 1 | H43: 1.0067341 | I43: 2.25 | J43: 1.75 | K43: 4.1 | L43: =SUM('P101'!$I43:$K43) -> 8.1 | M43: 3 | N43: 2 | O43: 5 | P43: =SUM('P101'!$M43:$O43) -> 10 | Q43: 2.25 | R43: 1.75 | S43: 4.8 | T43: =SUM('P101'!$Q43:$S43) -> 8.8 | U43: =('P101'!$L43+'P101'!$P43+'P101'!$T43)*'P101'!$F43 -> 26.92694 | V43: 4.55 | W43: 6.4 | X43: =SUM('P101'!$V43:$W43)*'P101'!$G43 -> 10.95 | Y43: 1 | Z43: 1.5 | AA43: 1.25 | AB43: =IF(SUM('P101'!$Y43:$AA43)>5.9,"SI","NO") -> NO | AC43: =SUM('P101'!$Y43:$AA43) -> 3.75 | AD43: 1.5 | AE43: 7 | AF43: =IF('P101'!$AG43>5.9,"SI","NO") -> SI | AG43: =SUM('P101'!$AD43:$AE43) -> 8.5 | AH43: 3 | AI43: 4.5 | AJ43: =AVERAGE('P101'!$AH43:$AI43)*'P101'!$H43 -> 3.7752528 | AK43: 0 | AL43: 0 | AM43: 0 | AN43: =(('P101'!$AL43+'P101'!$AM43))*'P101'!$AK43 -> 0 | AO43: 10 | AP43: =SUM('P101'!$U43) -> 26.92694 | AQ43: =SUM(AN43,AJ43,AG43,AC43,X43,'P101'!$AO43) -> 36.975253 | AR43: 74
A44: neyruil@espol.edu.ec | B44: 202414470 | C44: RUILOVA ROMERO NEY GUSTAVO | D44: 7 | F44: 1 | G44: 1.0050378 | H44: 1.0200306 | I44: 2.25 | J44: 0.75 | K44: 3.55 | L44: =SUM('P101'!$I44:$K44) -> 6.55 | M44: 3 | N44: 2 | O44: 5 | P44: =SUM('P101'!$M44:$O44) -> 10 | Q44: 2.25 | R44: 1.25 | S44: 3.85 | T44: =SUM('P101'!$Q44:$S44) -> 7.35 | U44: =('P101'!$L44+'P101'!$P44+'P101'!$T44)*'P101'!$F44 -> 23.9 | V44: 4.2 | W44: 7.3 | X44: =SUM('P101'!$V44:$W44)*'P101'!$G44 -> 11.557935 | Y44: 1.5 | Z44: 1.5 | AA44: 2.5 | AB44: =IF(SUM('P101'!$Y44:$AA44)>5.9,"SI","NO") -> NO | AC44: =SUM('P101'!$Y44:$AA44) -> 5.5 | AD44: 1.5 | AE44: 0 | AF44: =IF('P101'!$AG44>5.9,"SI","NO") -> NO | AG44: =SUM('P101'!$AD44:$AE44) -> 1.5 | AH44: 0 | AI44: 0 | AJ44: =AVERAGE('P101'!$AH44:$AI44)*'P101'!$H44 -> 0 | AK44: 0 | AL44: 0 | AM44: 0 | AN44: =(('P101'!$AL44+'P101'!$AM44))*'P101'!$AK44 -> 0 | AO44: 0 | AP44: =SUM('P101'!$U44) -> 23.9 | AQ44: =SUM(AN44,AJ44,AG44,AC44,X44,'P101'!$AO44) -> 18.557935 | AR44: ='P101'!$AP44+'P101'!$AQ44 -> 42.457935
A45: ivanruiz@espol.edu.ec | B45: 202509717 | C45: RUIZ MEDINA IVAN HERNANDO | D45: 3 | F45: 0.99361016 | G45: 0.5 | H45: 0.99477803 | I45: 0.75 | J45: 0 | K45: 0 | L45: =SUM('P101'!$I45:$K45) -> 0.75 | M45: 3 | N45: 2 | O45: 5 | P45: =SUM('P101'!$M45:$O45) -> 10 | Q45: 2.25 | R45: 2 | S45: 4.7 | T45: =SUM('P101'!$Q45:$S45) -> 8.95 | U45: =('P101'!$L45+'P101'!$P45+'P101'!$T45)*'P101'!$F45 -> 19.57412 | V45: 3.25 | W45: 5.2 | X45: =SUM('P101'!$V45:$W45)*'P101'!$G45 -> 4.225 | Y45: 2 | Z45: 3 | AA45: 3.75 | AB45: =IF(SUM('P101'!$Y45:$AA45)>5.9,"SI","NO") -> SI | AC45: =SUM('P101'!$Y45:$AA45) -> 8.75 | AD45: 1 | AE45: 5.25 | AF45: =IF('P101'!$AG45>5.9,"SI","NO") -> SI | AG45: =SUM('P101'!$AD45:$AE45) -> 6.25 | AH45: 4.5 | AI45: 5 | AJ45: =AVERAGE('P101'!$AH45:$AI45)*'P101'!$H45 -> 4.7251957 | AK45: 1 | AL45: 7.5 | AM45: 5.5 | AN45: =(('P101'!$AL45+'P101'!$AM45))*'P101'!$AK45 -> 13 | AO45: 7.5 | AP45: =SUM('P101'!$U45) -> 19.57412 | AQ45: =SUM(AN45,AJ45,AG45,AC45,X45,'P101'!$AO45) -> 44.450196 | AR45: ='P101'!$AP45+'P101'!$AQ45 -> 64.024316
A46: masaltos@espol.edu.ec | B46: 202508966 | C46: SALTOS MOREIRA MATEO JOAN | D46: 5 | F46: 0.99598392 | G46: 1 | H46: 1.0067341 | I46: 3 | J46: 1.75 | K46: 4.1 | L46: =SUM('P101'!$I46:$K46) -> 8.85 | M46: 3 | N46: 2 | O46: 5 | P46: =SUM('P101'!$M46:$O46) -> 10 | Q46: 2.63 | R46: 1.75 | S46: 4.8 | T46: =SUM('P101'!$Q46:$S46) -> 9.18 | U46: =('P101'!$L46+'P101'!$P46+'P101'!$T46)*'P101'!$F46 -> 27.917429 | V46: 4.55 | W46: 6.4 | X46: =SUM('P101'!$V46:$W46)*'P101'!$G46 -> 10.95 | Y46: 1.5 | Z46: 1.5 | AA46: 5 | AB46: =IF(SUM('P101'!$Y46:$AA46)>5.9,"SI","NO") -> SI | AC46: =SUM('P101'!$Y46:$AA46) -> 8 | AD46: 1.5 | AE46: 7 | AF46: =IF('P101'!$AG46>5.9,"SI","NO") -> SI | AG46: =SUM('P101'!$AD46:$AE46) -> 8.5 | AH46: 3 | AI46: 4.5 | AJ46: =AVERAGE('P101'!$AH46:$AI46)*'P101'!$H46 -> 3.7752528 | AK46: 1 | AL46: 4 | AM46: 9 | AN46: =(('P101'!$AL46+'P101'!$AM46))*'P101'!$AK46 -> 13 | AO46: 10 | AP46: =SUM('P101'!$U46) -> 27.917429 | AQ46: =SUM(AN46,AJ46,AG46,AC46,X46,'P101'!$AO46) -> 54.225253 | AR46: 92
A47: hensigue@espol.edu.ec | B47: 202506911 | C47: SIGUENZA GARCIA HENRY ROBERTO | D47: 4 | F47: 0.98663637 | G47: 0.63694721 | H47: 0.5 | I47: 2.25 | J47: 0.75 | K47: 4.9 | L47: =SUM('P101'!$I47:$K47) -> 7.9 | M47: 0 | N47: 0 | O47: 0 | P47: =SUM('P101'!$M47:$O47) -> 0 | Q47: 0 | R47: 2 | S47: 0 | T47: =SUM('P101'!$Q47:$S47) -> 2 | U47: =('P101'!$L47+'P101'!$P47+'P101'!$T47)*'P101'!$F47 -> 9.7677001 | V47: 4.6 | W47: 8.3 | X47: =SUM('P101'!$V47:$W47)*'P101'!$G47 -> 8.2166191 | Y47: 1.5 | Z47: 0.25 | AA47: 4.25 | AB47: =IF(SUM('P101'!$Y47:$AA47)>5.9,"SI","NO") -> SI | AC47: =SUM('P101'!$Y47:$AA47) -> 6 | AD47: 2 | AE47: 4 | AF47: =IF('P101'!$AG47>5.9,"SI","NO") -> SI | AG47: =SUM('P101'!$AD47:$AE47) -> 6 | AH47: 4.5 | AI47: 4.5 | AJ47: =AVERAGE('P101'!$AH47:$AI47)*'P101'!$H47 -> 2.25 | AK47: 1 | AL47: 6.5 | AM47: 6.5 | AN47: =(('P101'!$AL47+'P101'!$AM47))*'P101'!$AK47 -> 13 | AO47: 10 | AP47: =SUM('P101'!$U47) -> 9.7677001 | AQ47: =SUM(AN47,AJ47,AG47,AC47,X47,'P101'!$AO47) -> 45.466619 | AR47: ='P101'!$AP47+'P101'!$AQ47 -> 55.234319
A48: axeltoma@espol.edu.ec | B48: 202508941 | C48: TOMALA ORELLANA AXEL | D48: 2 | F48: 1 | G48: 1 | H48: 0.99662731 | I48: 1.5 | J48: 0 | K48: 0 | L48: =SUM('P101'!$I48:$K48) -> 1.5 | M48: 3 | N48: 2 | O48: 5 | P48: =SUM('P101'!$M48:$O48) -> 10 | Q48: 2.25 | R48: 1.75 | S48: 4.45 | T48: =SUM('P101'!$Q48:$S48) -> 8.45 | U48: =('P101'!$L48+'P101'!$P48+'P101'!$T48)*'P101'!$F48 -> 19.95 | V48: 5 | W48: 6.8 | X48: =SUM('P101'!$V48:$W48)*'P101'!$G48 -> 11.8 | Y48: 1.5 | Z48: 0 | AA48: 0 | AB48: =IF(SUM('P101'!$Y48:$AA48)>5.9,"SI","NO") -> NO | AC48: =SUM('P101'!$Y48:$AA48) -> 1.5 | AD48: 2 | AE48: 4.25 | AF48: =IF('P101'!$AG48>5.9,"SI","NO") -> SI | AG48: =SUM('P101'!$AD48:$AE48) -> 6.25 | AH48: 5 | AI48: 3.5 | AJ48: =AVERAGE('P101'!$AH48:$AI48)*'P101'!$H48 -> 4.2356661 | AK48: 0 | AL48: 0 | AM48: 0 | AN48: =(('P101'!$AL48+'P101'!$AM48))*'P101'!$AK48 -> 0 | AO48: 8 | AP48: =SUM('P101'!$U48) -> 19.95 | AQ48: =SUM(AN48,AJ48,AG48,AC48,X48,'P101'!$AO48) -> 31.785666 | AR48: ='P101'!$AP48+'P101'!$AQ48 -> 51.735666
A49: hertrejo@espol.edu.ec | B49: 202403036 | C49: TREJO CRUZ HERBY RONNY | D49: 8 | F49: 1.0248552 | G49: 1.0163823 | H49: 0.99477803 | I49: 2.25 | J49: 1.25 | K49: 2.1 | L49: =SUM('P101'!$I49:$K49) -> 5.6 | M49: 3 | N49: 2 | O49: 5 | P49: =SUM('P101'!$M49:$O49) -> 10 | Q49: 1.5 | R49: 2 | S49: 0 | T49: =SUM('P101'!$Q49:$S49) -> 3.5 | U49: =('P101'!$L49+'P101'!$P49+'P101'!$T49)*'P101'!$F49 -> 19.574735 | V49: 4.4 | W49: 7.3 | X49: =SUM('P101'!$V49:$W49)*'P101'!$G49 -> 11.891673 | Y49: 1.5 | Z49: 0 | AA49: 4.5 | AB49: =IF(SUM('P101'!$Y49:$AA49)>5.9,"SI","NO") -> SI | AC49: =SUM('P101'!$Y49:$AA49) -> 6 | AD49: 2 | AE49: 4 | AF49: =IF('P101'!$AG49>5.9,"SI","NO") -> SI | AG49: =SUM('P101'!$AD49:$AE49) -> 6 | AH49: 4 | AI49: 5 | AJ49: =AVERAGE('P101'!$AH49:$AI49)*'P101'!$H49 -> 4.4765011 | AK49: 1 | AL49: 6.5 | AM49: 6 | AN49: =(('P101'!$AL49+'P101'!$AM49))*'P101'!$AK49 -> 12.5 | AO49: 9.5 | AP49: =SUM('P101'!$U49) -> 19.574735 | AQ49: =SUM(AN49,AJ49,AG49,AC49,X49,'P101'!$AO49) -> 50.368174 | AR49: ='P101'!$AP49+'P101'!$AQ49 -> 69.942909
A50: bratubay@espol.edu.ec | B50: 202504510 | C50: TUBAY VILLON BRADDYCK ABRAHAM | D50: 6 | F50: 1 | G50: 1 | H50: 1.0188534 | I50: 2.25 | J50: 1.25 | K50: 3.95 | L50: =SUM('P101'!$I50:$K50) -> 7.45 | M50: 3 | N50: 2 | O50: 5 | P50: =SUM('P101'!$M50:$O50) -> 10 | Q50: 1.8 | R50: 1.75 | S50: 3.95 | T50: =SUM('P101'!$Q50:$S50) -> 7.5 | U50: =('P101'!$L50+'P101'!$P50+'P101'!$T50)*'P101'!$F50 -> 24.95 | V50: 4.9 | W50: 8.6 | X50: =SUM('P101'!$V50:$W50)*'P101'!$G50 -> 13.5 | Y50: 1.5 | Z50: 0 | AA50: 5 | AB50: =IF(SUM('P101'!$Y50:$AA50)>5.9,"SI","NO") -> SI | AC50: =SUM('P101'!$Y50:$AA50) -> 6.5 | AD50: 1.75 | AE50: 6 | AF50: =IF('P101'!$AG50>5.9,"SI","NO") -> SI | AG50: =SUM('P101'!$AD50:$AE50) -> 7.75 | AH50: 5 | AI50: 4.5 | AJ50: =AVERAGE('P101'!$AH50:$AI50)*'P101'!$H50 -> 4.8395537 | AK50: 1 | AL50: 4 | AM50: 7 | AN50: =(('P101'!$AL50+'P101'!$AM50))*'P101'!$AK50 -> 11 | AO50: 10 | AP50: =SUM('P101'!$U50) -> 24.95 | AQ50: =SUM(AN50,AJ50,AG50,AC50,X50,'P101'!$AO50) -> 53.589554 | AR50: ='P101'!$AP50+'P101'!$AQ50 -> 78.539554
A51: dumulloa@espol.edu.ec | B51: 202413449 | C51: ULLOA TORRES DUMMAR TOMAS | D51: 5 | F51: 1.0010015 | G51: 1 | H51: 1.0025306 | I51: 3 | J51: 1.75 | K51: 4.1 | L51: =SUM('P101'!$I51:$K51) -> 8.85 | M51: 3 | N51: 2 | O51: 5 | P51: =SUM('P101'!$M51:$O51) -> 10 | Q51: 1.5 | R51: 1.75 | S51: 0 | T51: =SUM('P101'!$Q51:$S51) -> 3.25 | U51: =('P101'!$L51+'P101'!$P51+'P101'!$T51)*'P101'!$F51 -> 22.122133 | V51: 4.55 | W51: 6.4 | X51: =SUM('P101'!$V51:$W51)*'P101'!$G51 -> 10.95 | Y51: 1.5 | Z51: 1.5 | AA51: 4 | AB51: =IF(SUM('P101'!$Y51:$AA51)>5.9,"SI","NO") -> SI | AC51: =SUM('P101'!$Y51:$AA51) -> 7 | AD51: 1.5 | AE51: 7 | AF51: =IF('P101'!$AG51>5.9,"SI","NO") -> SI | AG51: =SUM('P101'!$AD51:$AE51) -> 8.5 | AH51: 3 | AI51: 4.5 | AJ51: =AVERAGE('P101'!$AH51:$AI51)*'P101'!$H51 -> 3.7594897 | AK51: 1 | AL51: 4 | AM51: 8.5 | AN51: =(('P101'!$AL51+'P101'!$AM51))*'P101'!$AK51 -> 12.5 | AO51: 10 | AP51: =SUM('P101'!$U51) -> 22.122133 | AQ51: =SUM(AN51,AJ51,AG51,AC51,X51,'P101'!$AO51) -> 52.70949 | AR51: 85
A52: jusvchan@espol.edu.ec | B52: 202316089 | C52: VARGAS CHANCAY JUSTHYN ALEJANDRO | D52: 6 | F52: 1 | G52: 1 | H52: 1.0188534 | I52: 2.25 | J52: 1.25 | K52: 3.95 | L52: =SUM('P101'!$I52:$K52) -> 7.45 | M52: 3 | N52: 2 | O52: 5 | P52: =SUM('P101'!$M52:$O52) -> 10 | Q52: 1.8 | R52: 1.75 | S52: 3.95 | T52: =SUM('P101'!$Q52:$S52) -> 7.5 | U52: =('P101'!$L52+'P101'!$P52+'P101'!$T52)*'P101'!$F52 -> 24.95 | V52: 4.9 | W52: 8.6 | X52: =SUM('P101'!$V52:$W52)*'P101'!$G52 -> 13.5 | Y52: 1.5 | Z52: 1.5 | AA52: 3.75 | AB52: =IF(SUM('P101'!$Y52:$AA52)>5.9,"SI","NO") -> SI | AC52: =SUM('P101'!$Y52:$AA52) -> 6.75 | AD52: 1.75 | AE52: 6 | AF52: =IF('P101'!$AG52>5.9,"SI","NO") -> SI | AG52: =SUM('P101'!$AD52:$AE52) -> 7.75 | AH52: 5 | AI52: 4.5 | AJ52: =AVERAGE('P101'!$AH52:$AI52)*'P101'!$H52 -> 4.8395537 | AK52: 1 | AL52: 8 | AM52: 8 | AN52: =(('P101'!$AL52+'P101'!$AM52))*'P101'!$AK52 -> 16 | AO52: 10 | AP52: =SUM('P101'!$U52) -> 24.95 | AQ52: =SUM(AN52,AJ52,AG52,AC52,X52,'P101'!$AO52) -> 58.839554 | AR52: ='P101'!$AP52+'P101'!$AQ52 -> 83.789554
A53: xavivarg@espol.edu.ec | B53: 202501284 | C53: VARGAS TACURI XAVIER ESTEBAN | D53: 1 | F53: 1.1405634 | G53: 1.069045 | H53: 0.5 | I53: 3 | J53: 1.25 | K53: 5 | L53: =SUM('P101'!$I53:$K53) -> 9.25 | M53: 3 | N53: 2 | O53: 5 | P53: =SUM('P101'!$M53:$O53) -> 10 | Q53: 0.25 | R53: 1.75 | S53: 0 | T53: =SUM('P101'!$Q53:$S53) -> 2 | U53: =('P101'!$L53+'P101'!$P53+'P101'!$T53)*'P101'!$F53 -> 24.236973 | V53: 4.65 | W53: 6.8 | X53: =SUM('P101'!$V53:$W53)*'P101'!$G53 -> 12.240565 | Y53: 1 | Z53: 1.5 | AA53: 5 | AB53: =IF(SUM('P101'!$Y53:$AA53)>5.9,"SI","NO") -> SI | AC53: =SUM('P101'!$Y53:$AA53) -> 7.5 | AD53: 1.5 | AE53: 5.5 | AF53: =IF('P101'!$AG53>5.9,"SI","NO") -> SI | AG53: =SUM('P101'!$AD53:$AE53) -> 7 | AH53: 4 | AI53: 5 | AJ53: =AVERAGE('P101'!$AH53:$AI53)*'P101'!$H53 -> 2.25 | AK53: 1 | AL53: 4 | AM53: 6 | AN53: =(('P101'!$AL53+'P101'!$AM53))*'P101'!$AK53 -> 10 | AO53: 9.75 | AP53: =SUM('P101'!$U53) -> 24.236973 | AQ53: =SUM(AN53,AJ53,AG53,AC53,X53,'P101'!$AO53) -> 48.740565 | AR53: ='P101'!$AP53+'P101'!$AQ53 -> 72.977538
A54: chrisyuz@espol.edu.ec | B54: 202410544 | C54: YUZ ZAMBRANO CHRISTHIAN ALFREDO | D54: 6 | F54: 1 | G54: 1 | H54: 1.0188534 | I54: 3 | J54: 1.25 | K54: 3.95 | L54: =SUM('P101'!$I54:$K54) -> 8.2 | M54: 3 | N54: 2 | O54: 5 | P54: =SUM('P101'!$M54:$O54) -> 10 | Q54: 2.25 | R54: 1.75 | S54: 3.95 | T54: =SUM('P101'!$Q54:$S54) -> 7.95 | U54: =('P101'!$L54+'P101'!$P54+'P101'!$T54)*'P101'!$F54 -> 26.15 | V54: 4.9 | W54: 8.6 | X54: =SUM('P101'!$V54:$W54)*'P101'!$G54 -> 13.5 | Y54: 2 | Z54: 3 | AA54: 3.75 | AB54: =IF(SUM('P101'!$Y54:$AA54)>5.9,"SI","NO") -> SI | AC54: =SUM('P101'!$Y54:$AA54) -> 8.75 | AD54: 1.75 | AE54: 6 | AF54: =IF('P101'!$AG54>5.9,"SI","NO") -> SI | AG54: =SUM('P101'!$AD54:$AE54) -> 7.75 | AH54: 5 | AI54: 4.5 | AJ54: =AVERAGE('P101'!$AH54:$AI54)*'P101'!$H54 -> 4.8395537 | AK54: 1 | AL54: 5 | AM54: 7 | AN54: =(('P101'!$AL54+'P101'!$AM54))*'P101'!$AK54 -> 12 | AO54: 10 | AP54: =SUM('P101'!$U54) -> 26.15 | AQ54: =SUM(AN54,AJ54,AG54,AC54,X54,'P101'!$AO54) -> 56.839554 | AR54: ='P101'!$AP54+'P101'!$AQ54 -> 82.989554
W55: no en caratula | AR55: =AVERAGE(AR4:AR54) -> 61.120368
O61: º

Sheet P102
D1: P102 | F1: Coevaluaciones | I1: Actividades Práctico-Experimental (APE) (30%) | V1: AVANCES (15%) | Y1: VALIDACION INDIVIDUAL (10%) | AD1: VALIDACION DE PROTOTIPO (10%) | AH1: PROTOTIPO (5%) | AK1: EXPOSICION Y DEFENSA (20%) | AO1: REPORTE (10%) | AP1: TOTAL (100%)
A2: Correo | B2: Número de Matrícula | C2: Apellidos y Nombres | D2: Grupo | E2: Vez | F2: WF1 (APE) | G2: WF2 (AVANCE) | H2: WF3 (FINALES) | I2: CL1 | J2: HT1 | K2: RPAPE1 | L2: APE1 | M2: CL2 | N2: HT2 | O2: RPAPE2 | P2: APE2 | Q2: CL3 | R2: HT3 | S2: RPAPE3 | T2: APE3 | U2: APE_total | V2: AV1 | W2: AV2 | X2: AV_total | Y2: VI1 | Z2: VI2 | AA2: VI3 | AB2: VI_STATUS | AC2: VI_TOTAL | AD2: VP1 | AE2: VP2 | AF2: VP_STATUS | AG2: VP_TOTAL | AH2: EV1_P | AI2: EV2_P | AJ2: PROT_TOTAL | AK2: POSTER | AL2: JUR_1 | AM2: JUR_2 | AN2: EXP_TOTAL | AO2: REPORTE | AP2: EXP | AQ2: PROY | AR2: AL ACADEMICO
A3: prueba | B3: prueba | C3: ESTUDIANTE DE PRUEBA | D3: 0 | E3: 1 | F3: 1 | G3: 1 | H3: 1 | I3: 3 | J3: 2 | K3: 5 | L3: =SUM('P102'!$I3:$K3) -> 10 | M3: 3 | N3: 2 | O3: 5 | P3: =SUM('P102'!$M3:$O3) -> 10 | Q3: 3 | R3: 2 | S3: 5 | T3: =SUM('P102'!$Q3:$S3) -> 10 | U3: =('P102'!$L3+'P102'!$P3+'P102'!$T3)*'P102'!$F3 -> 30 | V3: 5 | W3: 10 | X3: =SUM('P102'!$V3:$W3)*'P102'!$G3 -> 15 | Y3: 2 | Z3: 3 | AA3: 5 | AB3: =IF(SUM('P102'!$Y3:$AA3)>5.9,"SI","NO") -> SI | AC3: =SUM('P102'!$Y3:$AA3) -> 10 | AD3: 2 | AE3: 8 | AF3: =IF('P102'!$AG3>5.9,"SI","NO") -> SI | AG3: =SUM('P102'!$AD3:$AE3) -> 10 | AH3: 5 | AI3: 5 | AJ3: =AVERAGE('P102'!$AH3:$AI3)*'P102'!$H3 -> 5 | AK3: 1 | AL3: 10 | AM3: 10 | AN3: =(1*('P102'!$AL3+'P102'!$AM3))*'P102'!$AK3 -> 20 | AO3: 10 | AP3: =SUM('P102'!$U3) -> 30 | AQ3: =SUM(AN3,AJ3,AG3,AC3,X3,('P102'!$AO3)*H3) -> 70 | AR3: ='P102'!$AP3+'P102'!$AQ3 -> 100
A4: eriandra@espol.edu.ec | B4: 202411948 | C4: ANDRADE HOLGUIN ERICK ARIEL | D4: 7 | F4: 0.5 | G4: 1.0293102 | H4: 0.5 | I4: 2.25 | J4: 2 | K4: 4.3 | L4: =IF(I4<1.79,SUM(I4:J4), SUM('P102'!$Q4:$S4)) -> 7.7 | M4: 2.25 | N4: 1.75 | O4: 3.7 | P4: =IF(M4<1.79,SUM(M4:N4), SUM('P102'!$Q4:$S4)) -> 7.7 | Q4: 2.25 | R4: 1.75 | S4: 3.7 | T4: =IF(Q4<1.79,SUM(Q4:R4), SUM('P102'!$Q4:$S4)) -> 7.7 | U4: =('P102'!$L4+'P102'!$P4+'P102'!$T4)*'P102'!$F4 -> 11.55 | V4: 3.55 | W4: 7 | X4: =SUM('P102'!$V4:$W4)*'P102'!$G4 -> 10.859223 | Y4: 1.5 | Z4: 0 | AA4: 2.5 | AB4: =IF(SUM('P102'!$Y4:$AA4)>5.9,"SI","NO") -> NO | AC4: =SUM('P102'!$Y4:$AA4) -> 4 | AD4: 0 | AE4: 4 | AF4: =IF('P102'!$AG4>5.9,"SI","NO") -> NO | AG4: =SUM('P102'!$AD4:$AE4) -> 4 | AH4: =IF('P102'!$AF4="NO",0," ") -> 0 | AI4: =IF('P102'!$AF4="NO",0," ") -> 0 | AJ4: =AVERAGE('P102'!$AH4:$AI4)*'P102'!$H4 -> 0 | AK4: 0 | AL4: 0 | AM4: 0 | AN4: =(1*('P102'!$AL4+'P102'!$AM4))*'P102'!$AK4 -> 0 | AO4: 7.25 | AP4: =SUM('P102'!$U4) -> 11.55 | AQ4: =SUM(AN4,AJ4,AG4,AC4,X4,('P102'!$AO4)*H4) -> 22.484223 | AR4: ='P102'!$AP4+'P102'!$AQ4 -> 34.034223
A5: joseavil@espol.edu.ec | B5: 202411559 | C5: AVILA ZAMBRANO JOSE ANDRES | D5: 6 | F5: 1.2171612 | G5: 1.2403473 | H5: 0.5 | I5: 2.25 | J5: 2 | K5: 4.2 | L5: =IF(I5<1.79,SUM(I5:J5), SUM('P102'!$Q5:$S5)) -> 4.25 | M5: 2.25 | N5: 2 | O5: 0 | P5: =IF(M5<1.79,SUM(M5:N5), SUM('P102'!$Q5:$S5)) -> 4.25 | Q5: 2.25 | R5: 2 | S5: 0 | T5: =IF(Q5<1.79,SUM(Q5:R5), SUM('P102'!$Q5:$S5)) -> 4.25 | U5: =('P102'!$L5+'P102'!$P5+'P102'!$T5)*'P102'!$F5 -> 15.518806 | V5: 4.3 | W5: 8 | X5: =SUM('P102'!$V5:$W5)*'P102'!$G5 -> 15.256272 | Y5: 1 | Z5: 3 | AA5: 5 | AB5: =IF(SUM('P102'!$Y5:$AA5)>5.9,"SI","NO") -> SI | AC5: =SUM('P102'!$Y5:$AA5) -> 9 | AD5: 1 | AE5: 2 | AF5: =IF('P102'!$AG5>5.9,"SI","NO") -> NO | AG5: =SUM('P102'!$AD5:$AE5) -> 3 | AH5: =IF('P102'!$AF5="NO",0," ") -> 0 | AI5: =IF('P102'!$AF5="NO",0," ") -> 0 | AJ5: =AVERAGE('P102'!$AH5:$AI5)*'P102'!$H5 -> 0 | AK5: 0 | AL5: 0 | AM5: 0 | AN5: =(1*('P102'!$AL5+'P102'!$AM5))*'P102'!$AK5 -> 0 | AO5: 7.25 | AP5: =SUM('P102'!$U5) -> 15.518806 | AQ5: =SUM(AN5,AJ5,AG5,AC5,X5,('P102'!$AO5)*H5) -> 30.881272 | AR5: ='P102'!$AP5+'P102'!$AQ5 -> 46.400078
A6: azburneo@espol.edu.ec | B6: 202401386 | C6: BURNEO FARAH AZAEL XAVIER | D6: 2 | F6: 0.5 | G6: 0.5 | H6: 0.5 | I6: 1.5 | J6: 1 | K6: 3 | L6: =IF(I6<1.79,SUM(I6:J6), SUM('P102'!$Q6:$S6)) -> 2.5 | M6: 1.5 | N6: 0 | O6: 0 | P6: =IF(M6<1.79,SUM(M6:N6), SUM('P102'!$Q6:$S6)) -> 1.5 | Q6: 1.5 | R6: 0 | S6: 0 | T6: =IF(Q6<1.79,SUM(Q6:R6), SUM('P102'!$Q6:$S6)) -> 1.5 | U6: =('P102'!$L6+'P102'!$P6+'P102'!$T6)*'P102'!$F6 -> 2.75 | V6: 3.65 | W6: 3.5 | X6: =SUM('P102'!$V6:$W6)*'P102'!$G6 -> 3.575 | Y6: 0.5 | Z6: 0 | AA6: 0 | AB6: =IF(SUM('P102'!$Y6:$AA6)>5.9,"SI","NO") -> NO | AC6: =SUM('P102'!$Y6:$AA6) -> 0.5 | AD6: 1 | AE6: 1 | AF6: =IF('P102'!$AG6>5.9,"SI","NO") -> NO | AG6: =SUM('P102'!$AD6:$AE6) -> 2 | AH6: =IF('P102'!$AF6="NO",0," ") -> 0 | AI6: =IF('P102'!$AF6="NO",0," ") -> 0 | AJ6: =AVERAGE('P102'!$AH6:$AI6)*'P102'!$H6 -> 0 | AK6: 0 | AL6: 0 | AM6: 0 | AN6: =(1*('P102'!$AL6+'P102'!$AM6))*'P102'!$AK6 -> 0 | AO6: 0 | AP6: =SUM('P102'!$U6) -> 2.75 | AQ6: =SUM(AN6,AJ6,AG6,AC6,X6,('P102'!$AO6)*H6) -> 6.075 | AR6: ='P102'!$AP6+'P102'!$AQ6 -> 8.825
A7: isacabal@espol.edu.ec | B7: 202404984 | C7: CABAL RUBIO ISAAC SEBASTIAN | D7: 4 | F7: 1.2146645 | G7: 1.3483997 | H7: 0.5 | I7: 2.25 | J7: 1 | K7: 4.5 | L7: =IF(I7<1.79,SUM(I7:J7), SUM('P102'!$Q7:$S7)) -> 7.45 | M7: 2.25 | N7: 1.5 | O7: 3.7 | P7: =IF(M7<1.79,SUM(M7:N7), SUM('P102'!$Q7:$S7)) -> 7.45 | Q7: 2.25 | R7: 1.5 | S7: 3.7 | T7: =IF(Q7<1.79,SUM(Q7:R7), SUM('P102'!$Q7:$S7)) -> 7.45 | U7: =('P102'!$L7+'P102'!$P7+'P102'!$T7)*'P102'!$F7 -> 27.147751 | V7: 2.6 | W7: 6.4 | X7: =SUM('P102'!$V7:$W7)*'P102'!$G7 -> 12.135598 | Y7: 1 | Z7: 1.5 | AA7: 0 | AB7: =IF(SUM('P102'!$Y7:$AA7)>5.9,"SI","NO") -> NO | AC7: =SUM('P102'!$Y7:$AA7) -> 2.5 | AD7: 1 | AE7: 4 | AF7: =IF('P102'!$AG7>5.9,"SI","NO") -> NO | AG7: =SUM('P102'!$AD7:$AE7) -> 5 | AH7: =IF('P102'!$AF7="NO",0," ") -> 0 | AI7: =IF('P102'!$AF7="NO",0," ") -> 0 | AJ7: =AVERAGE('P102'!$AH7:$AI7)*'P102'!$H7 -> 0 | AK7: 0 | AL7: 0 | AM7: 0 | AN7: =(1*('P102'!$AL7+'P102'!$AM7))*'P102'!$AK7 -> 0 | AO7: 7 | AP7: =SUM('P102'!$U7) -> 27.147751 | AQ7: =SUM(AN7,AJ7,AG7,AC7,X7,('P102'!$AO7)*H7) -> 23.135598 | AR7: ='P102'!$AP7+'P102'!$AQ7 -> 50.283349
A8: juancere@espol.edu.ec | B8: 202406484 | C8: CEREZO CERVANTES JUAN SEBASTIAN | D8: 8 | F8: 0.5 | G8: 0.5 | H8: 0.5 | I8: 2.25 | J8: 2 | K8: 3.8 | L8: =IF(I8<1.79,SUM(I8:J8), SUM('P102'!$Q8:$S8)) -> 2.25 | M8: 2.25 | N8: 0 | O8: 0 | P8: =IF(M8<1.79,SUM(M8:N8), SUM('P102'!$Q8:$S8)) -> 2.25 | Q8: 2.25 | R8: 0 | S8: 0 | T8: =IF(Q8<1.79,SUM(Q8:R8), SUM('P102'!$Q8:$S8)) -> 2.25 | U8: =('P102'!$L8+'P102'!$P8+'P102'!$T8)*'P102'!$F8 -> 3.375 | V8: 3.8 | W8: 8 | X8: =SUM('P102'!$V8:$W8)*'P102'!$G8 -> 5.9 | Y8: 1.5 | Z8: 0 | AA8: 0 | AB8: =IF(SUM('P102'!$Y8:$AA8)>5.9,"SI","NO") -> NO | AC8: =SUM('P102'!$Y8:$AA8) -> 1.5 | AD8: 1 | AE8: 0 | AF8: =IF('P102'!$AG8>5.9,"SI","NO") -> NO | AG8: =SUM('P102'!$AD8:$AE8) -> 1 | AH8: =IF('P102'!$AF8="NO",0," ") -> 0 | AI8: =IF('P102'!$AF8="NO",0," ") -> 0 | AJ8: =AVERAGE('P102'!$AH8:$AI8)*'P102'!$H8 -> 0 | AK8: 0 | AL8: 0 | AM8: 0 | AN8: =(1*('P102'!$AL8+'P102'!$AM8))*'P102'!$AK8 -> 0 | AO8: 0 | AP8: =SUM('P102'!$U8) -> 3.375 | AQ8: =SUM(AN8,AJ8,AG8,AC8,X8,('P102'!$AO8)*H8) -> 8.4 | AR8: ='P102'!$AP8+'P102'!$AQ8 -> 11.775
A9: logacisn@espol.edu.ec | B9: 202401287 | C9: CISNEROS ESPIN LOGAN MISAEL | D9: 8 | F9: 1.25 | G9: 1.25 | H9: 1.25 | I9: 3 | J9: 2 | K9: 3.8 | L9: =IF(I9<1.79,SUM(I9:J9), SUM('P102'!$Q9:$S9)) -> 4.5 | M9: 3 | N9: 0 | O9: 0 | P9: =IF(M9<1.79,SUM(M9:N9), SUM('P102'!$Q9:$S9)) -> 4.5 | Q9: 3 | R9: 1.5 | S9: 0 | T9: =IF(Q9<1.79,SUM(Q9:R9), SUM('P102'!$Q9:$S9)) -> 4.5 | U9: =('P102'!$L9+'P102'!$P9+'P102'!$T9)*'P102'!$F9 -> 16.875 | V9: 3.8 | W9: 8 | X9: =SUM('P102'!$V9:$W9)*'P102'!$G9 -> 14.75 | Y9: 1.5 | Z9: 1.5 | AA9: 1.25 | AB9: =IF(SUM('P102'!$Y9:$AA9)>5.9,"SI","NO") -> NO | AC9: =SUM('P102'!$Y9:$AA9) -> 4.25 | AD9: 1 | AE9: 4.5 | AF9: =IF('P102'!$AG9>5.9,"SI","NO") -> NO | AG9: =SUM('P102'!$AD9:$AE9) -> 5.5 | AH9: =IF('P102'!$AF9="NO",0," ") -> 0 | AI9: =IF('P102'!$AF9="NO",0," ") -> 0 | AJ9: =AVERAGE('P102'!$AH9:$AI9)*'P102'!$H9 -> 0 | AK9: 0 | AL9: 0 | AM9: 0 | AN9: =(1*('P102'!$AL9+'P102'!$AM9))*'P102'!$AK9 -> 0 | AO9: 8 | AP9: =SUM('P102'!$U9) -> 16.875 | AQ9: =SUM(AN9,AJ9,AG9,AC9,X9,('P102'!$AO9)*H9) -> 34.5 | AR9: ='P102'!$AP9+'P102'!$AQ9 -> 51.375
A10: maconsue@espol.edu.ec | B10: 202210589 | C10: CONSUEGRA ABAD MARIO ALEXANDER | D10: 4 | F10: 1.1161996 | G10: 1.1547005 | H10: 0.5 | I10: 3 | J10: 1 | K10: 4.5 | L10: =IF(I10<1.79,SUM(I10:J10), SUM('P102'!$Q10:$S10)) -> 8.2 | M10: 3 | N10: 1.5 | O10: 3.7 | P10: =IF(M10<1.79,SUM(M10:N10), SUM('P102'!$Q10:$S10)) -> 8.2 | Q10: 3 | R10: 1.5 | S10: 3.7 | T10: =IF(Q10<1.79,SUM(Q10:R10), SUM('P102'!$Q10:$S10)) -> 8.2 | U10: =('P102'!$L10+'P102'!$P10+'P102'!$T10)*'P102'!$F10 -> 27.458511 | V10: 2.6 | W10: 6.41 | X10: =SUM('P102'!$V10:$W10)*'P102'!$G10 -> 10.403852 | Y10: 1.5 | Z10: 0 | AA10: 0 | AB10: =IF(SUM('P102'!$Y10:$AA10)>5.9,"SI","NO") -> NO | AC10: =SUM('P102'!$Y10:$AA10) -> 1.5 | AD10: 1 | AE10: 4 | AF10: =IF('P102'!$AG10>5.9,"SI","NO") -> NO | AG10: =SUM('P102'!$AD10:$AE10) -> 5 | AH10: =IF('P102'!$AF10="NO",0," ") -> 0 | AI10: =IF('P102'!$AF10="NO",0," ") -> 0 | AJ10: =AVERAGE('P102'!$AH10:$AI10)*'P102'!$H10 -> 0 | AK10: 0 | AL10: 0 | AM10: 0 | AN10: =(1*('P102'!$AL10+'P102'!$AM10))*'P102'!$AK10 -> 0 | AO10: 7 | AP10: =SUM('P102'!$U10) -> 27.458511 | AQ10: =SUM(AN10,AJ10,AG10,AC10,X10,('P102'!$AO10)*H10) -> 20.403852 | AR10: ='P102'!$AP10+'P102'!$AQ10 -> 47.862363
A11: ancuesta@espol.edu.ec | B11: 202502266 | C11: CUESTA YAGUAL ANDERSON VICTOR | D11: 3 | F11: 1.1547005 | G11: 1.1547005 | H11: 1.1547005 | I11: 2.25 | J11: 1.25 | K11: 4.75 | L11: =IF(I11<1.79,SUM(I11:J11), SUM('P102'!$Q11:$S11)) -> 7.85 | M11: 2.25 | N11: 2 | O11: 3.6 | P11: =IF(M11<1.79,SUM(M11:N11), SUM('P102'!$Q11:$S11)) -> 7.85 | Q11: 2.25 | R11: 2 | S11: 3.6 | T11: =IF(Q11<1.79,SUM(Q11:R11), SUM('P102'!$Q11:$S11)) -> 7.85 | U11: =('P102'!$L11+'P102'!$P11+'P102'!$T11)*'P102'!$F11 -> 27.193198 | V11: 4.15 | W11: 8.1 | X11: =SUM('P102'!$V11:$W11)*'P102'!$G11 -> 14.145082 | Y11: 1.5 | Z11: 1.5 | AA11: 1.25 | AB11: =IF(SUM('P102'!$Y11:$AA11)>5.9,"SI","NO") -> NO | AC11: =SUM('P102'!$Y11:$AA11) -> 4.25 | AD11: 1 | AE11: 6 | AF11: =IF('P102'!$AG11>5.9,"SI","NO") -> SI | AG11: =SUM('P102'!$AD11:$AE11) -> 7 | AH11: 4 | AI11: 3.5 | AJ11: =AVERAGE('P102'!$AH11:$AI11)*'P102'!$H11 -> 4.330127 | AK11: 0 | AL11: 0 | AM11: 0 | AN11: =(1*('P102'!$AL11+'P102'!$AM11))*'P102'!$AK11 -> 0 | AO11: 9.25 | AP11: =SUM('P102'!$U11) -> 27.193198 | AQ11: =SUM(AN11,AJ11,AG11,AC11,X11,('P102'!$AO11)*H11) -> 40.406189 | AR11: ='P102'!$AP11+'P102'!$AQ11 -> 67.599386
A12: juanenca@espol.edu.ec | B12: 202407235 | C12: ENCARNACION GILER JUAN JOSE | D12: 6 | F12: 1.1243654 | G12: 1.2264883 | H12: 1.1547005 | I12: 2.25 | J12: 2 | K12: 4.2 | L12: =IF(I12<1.79,SUM(I12:J12), SUM('P102'!$Q12:$S12)) -> 8.25 | M12: 2.25 | N12: 2 | O12: 4 | P12: =IF(M12<1.79,SUM(M12:N12), SUM('P102'!$Q12:$S12)) -> 8.25 | Q12: 2.25 | R12: 2 | S12: 4 | T12: =IF(Q12<1.79,SUM(Q12:R12), SUM('P102'!$Q12:$S12)) -> 8.25 | U12: =('P102'!$L12+'P102'!$P12+'P102'!$T12)*'P102'!$F12 -> 27.828043 | V12: 4.3 | W12: 8 | X12: =SUM('P102'!$V12:$W12)*'P102'!$G12 -> 15.085806 | Y12: 1.5 | Z12: 0 | AA12: 1.25 | AB12: =IF(SUM('P102'!$Y12:$AA12)>5.9,"SI","NO") -> NO | AC12: =SUM('P102'!$Y12:$AA12) -> 2.75 | AD12: 1 | AE12: 2 | AF12: =IF('P102'!$AG12>5.9,"SI","NO") -> NO | AG12: =SUM('P102'!$AD12:$AE12) -> 3 | AH12: =IF('P102'!$AF12="NO",0," ") -> 0 | AI12: =IF('P102'!$AF12="NO",0," ") -> 0 | AJ12: =AVERAGE('P102'!$AH12:$AI12)*'P102'!$H12 -> 0 | AK12: 0 | AL12: 0 | AM12: 0 | AN12: =(1*('P102'!$AL12+'P102'!$AM12))*'P102'!$AK12 -> 0 | AO12: 7.25 | AP12: =SUM('P102'!$U12) -> 27.828043 | AQ12: =SUM(AN12,AJ12,AG12,AC12,X12,('P102'!$AO12)*H12) -> 29.207385 | AR12: ='P102'!$AP12+'P102'!$AQ12 -> 57.035428
A13: diespino@espol.edu.ec | B13: 202416608 | C13: ESPINOZA JIMENEZ DIEGO ANDRES | D13: 8 | F13: 0.5 | G13: 0 | H13: 0 | I13: 3 | J13: 2 | K13: 0 | L13: =IF(I13<1.79,SUM(I13:J13), SUM('P102'!$Q13:$S13)) -> 3 | M13: 3 | N13: 0 | O13: 0 | P13: =IF(M13<1.79,SUM(M13:N13), SUM('P102'!$Q13:$S13)) -> 3 | Q13: 3 | R13: 0 | S13: 0 | T13: =IF(Q13<1.79,SUM(Q13:R13), SUM('P102'!$Q13:$S13)) -> 3 | U13: =('P102'!$L13+'P102'!$P13+'P102'!$T13)*'P102'!$F13 -> 4.5 | V13: 3.8 | W13: 8 | X13: =SUM('P102'!$V13:$W13)*'P102'!$G13 -> 0 | Y13: 0.5 | Z13: 0 | AA13: 0 | AB13: =IF(SUM('P102'!$Y13:$AA13)>5.9,"SI","NO") -> NO | AC13: =SUM('P102'!$Y13:$AA13) -> 0.5 | AD13: 1 | AE13: 0 | AF13: =IF('P102'!$AG13>5.9,"SI","NO") -> NO | AG13: =SUM('P102'!$AD13:$AE13) -> 1 | AH13: =IF('P102'!$AF13="NO",0," ") -> 0 | AI13: =IF('P102'!$AF13="NO",0," ") -> 0 | AJ13: =AVERAGE('P102'!$AH13:$AI13)*'P102'!$H13 -> 0 | AK13: 0 | AL13: 0 | AM13: 0 | AN13: =(1*('P102'!$AL13+'P102'!$AM13))*'P102'!$AK13 -> 0 | AO13: 0 | AP13: =SUM('P102'!$U13) -> 4.5 | AQ13: =SUM(AN13,AJ13,AG13,AC13,X13,('P102'!$AO13)*H13) -> 1.5 | AR13: ='P102'!$AP13+'P102'!$AQ13 -> 6
A14: jdfarino@espol.edu.ec | B14: 202207783 | C14: FARIÑO SANCHEZ JEAN DAVID | D14: 4 | F14: 0.5 | G14: 0.5 | H14: 0.5 | I14: 2.25 | J14: 1 | K14: 4.5 | L14: =IF(I14<1.79,SUM(I14:J14), SUM('P102'!$Q14:$S14)) -> 3.75 | M14: 2.25 | N14: 1.5 | O14: 0 | P14: =IF(M14<1.79,SUM(M14:N14), SUM('P102'!$Q14:$S14)) -> 3.75 | Q14: 2.25 | R14: 1.5 | S14: 0 | T14: =IF(Q14<1.79,SUM(Q14:R14), SUM('P102'!$Q14:$S14)) -> 3.75 | U14: =('P102'!$L14+'P102'!$P14+'P102'!$T14)*'P102'!$F14 -> 5.625 | V14: 2.6 | W14: 6.42 | X14: =SUM('P102'!$V14:$W14)*'P102'!$G14 -> 4.51 | Y14: 0 | Z14: 1.5 | AA14: 1.25 | AB14: =IF(SUM('P102'!$Y14:$AA14)>5.9,"SI","NO") -> NO | AC14: =SUM('P102'!$Y14:$AA14) -> 2.75 | AD14: 1 | AE14: 4 | AF14: =IF('P102'!$AG14>5.9,"SI","NO") -> NO | AG14: =SUM('P102'!$AD14:$AE14) -> 5 | AH14: =IF('P102'!$AF14="NO",0," ") -> 0 | AI14: =IF('P102'!$AF14="NO",0," ") -> 0 | AJ14: =AVERAGE('P102'!$AH14:$AI14)*'P102'!$H14 -> 0 | AK14: 0 | AL14: 0 | AM14: 0 | AN14: =(1*('P102'!$AL14+'P102'!$AM14))*'P102'!$AK14 -> 0 | AO14: 7 | AP14: =SUM('P102'!$U14) -> 5.625 | AQ14: =SUM(AN14,AJ14,AG14,AC14,X14,('P102'!$AO14)*H14) -> 15.76 | AR14: ='P102'!$AP14+'P102'!$AQ14 -> 21.385
A15: migugala@espol.edu.ec | B15: 202509097 | C15: GALARZA MORA MIGUEL ANGEL | D15: 7 | F15: 0.98373875 | G15: 1.0293102 | H15: 0.5 | I15: 3 | J15: 2 | K15: 4.3 | L15: =IF(I15<1.79,SUM(I15:J15), SUM('P102'!$Q15:$S15)) -> 8.45 | M15: 3 | N15: 1.75 | O15: 3.7 | P15: =IF(M15<1.79,SUM(M15:N15), SUM('P102'!$Q15:$S15)) -> 8.45 | Q15: 3 | R15: 1.75 | S15: 3.7 | T15: =IF(Q15<1.79,SUM(Q15:R15), SUM('P102'!$Q15:$S15)) -> 8.45 | U15: =('P102'!$L15+'P102'!$P15+'P102'!$T15)*'P102'!$F15 -> 24.937777 | V15: 3.55 | W15: 7 | X15: =SUM('P102'!$V15:$W15)*'P102'!$G15 -> 10.859223 | Y15: 2 | Z15: 1.5 | AA15: 1.25 | AB15: =IF(SUM('P102'!$Y15:$AA15)>5.9,"SI","NO") -> NO | AC15: =SUM('P102'!$Y15:$AA15) -> 4.75 | AD15: 0 | AE15: 4 | AF15: =IF('P102'!$AG15>5.9,"SI","NO") -> NO | AG15: =SUM('P102'!$AD15:$AE15) -> 4 | AH15: =IF('P102'!$AF15="NO",0," ") -> 0 | AI15: =IF('P102'!$AF15="NO",0," ") -> 0 | AJ15: =AVERAGE('P102'!$AH15:$AI15)*'P102'!$H15 -> 0 | AK15: 0 | AL15: 0 | AM15: 0 | AN15: =(1*('P102'!$AL15+'P102'!$AM15))*'P102'!$AK15 -> 0 | AO15: 7.25 | AP15: =SUM('P102'!$U15) -> 24.937777 | AQ15: =SUM(AN15,AJ15,AG15,AC15,X15,('P102'!$AO15)*H15) -> 23.234223 | AR15: ='P102'!$AP15+'P102'!$AQ15 -> 48.172
A16: yodgonza@espol.edu.ec | B16: 202410247 | C16: GONZALEZ SANCAN YODER ARIEL | D16: 4 | F16: 0.5 | G16: 0.5 | H16: 0.5 | I16: 2.25 | J16: 1 | K16: 4.5 | L16: =IF(I16<1.79,SUM(I16:J16), SUM('P102'!$Q16:$S16)) -> 3.75 | M16: 2.25 | N16: 1.5 | O16: 0 | P16: =IF(M16<1.79,SUM(M16:N16), SUM('P102'!$Q16:$S16)) -> 3.75 | Q16: 2.25 | R16: 1.5 | S16: 0 | T16: =IF(Q16<1.79,SUM(Q16:R16), SUM('P102'!$Q16:$S16)) -> 3.75 | U16: =('P102'!$L16+'P102'!$P16+'P102'!$T16)*'P102'!$F16 -> 5.625 | V16: 2.6 | W16: 6.43 | X16: =SUM('P102'!$V16:$W16)*'P102'!$G16 -> 4.515 | Y16: 1 | Z16: 1.5 | AA16: 0 | AB16: =IF(SUM('P102'!$Y16:$AA16)>5.9,"SI","NO") -> NO | AC16: =SUM('P102'!$Y16:$AA16) -> 2.5 | AD16: 1 | AE16: 4 | AF16: =IF('P102'!$AG16>5.9,"SI","NO") -> NO | AG16: =SUM('P102'!$AD16:$AE16) -> 5 | AH16: =IF('P102'!$AF16="NO",0," ") -> 0 | AI16: =IF('P102'!$AF16="NO",0," ") -> 0 | AJ16: =AVERAGE('P102'!$AH16:$AI16)*'P102'!$H16 -> 0 | AK16: 0 | AL16: 0 | AM16: 0 | AN16: =(1*('P102'!$AL16+'P102'!$AM16))*'P102'!$AK16 -> 0 | AO16: 0 | AP16: =SUM('P102'!$U16) -> 5.625 | AQ16: =SUM(AN16,AJ16,AG16,AC16,X16,('P102'!$AO16)*H16) -> 12.015 | AR16: ='P102'!$AP16+'P102'!$AQ16 -> 17.64
A17: rhasague@espol.edu.ec | B17: 202505954 | C17: GUERRA SALGUERO RHANDOL SAUL | D17: 5 | F17: 0.5 | G17: 0.5 | H17: 0.5 | I17: 2.25 | J17: 2 | K17: 3.5 | L17: =IF(I17<1.79,SUM(I17:J17), SUM('P102'!$Q17:$S17)) -> 7.45 | M17: 2.25 | N17: 1.5 | O17: 3.7 | P17: =IF(M17<1.79,SUM(M17:N17), SUM('P102'!$Q17:$S17)) -> 7.45 | Q17: 2.25 | R17: 1.5 | S17: 3.7 | T17: =IF(Q17<1.79,SUM(Q17:R17), SUM('P102'!$Q17:$S17)) -> 7.45 | U17: =('P102'!$L17+'P102'!$P17+'P102'!$T17)*'P102'!$F17 -> 11.175 | V17: 2.85 | W17: 6.6 | X17: =SUM('P102'!$V17:$W17)*'P102'!$G17 -> 4.725 | Y17: 1.5 | Z17: 1.5 | AA17: 0 | AB17: =IF(SUM('P102'!$Y17:$AA17)>5.9,"SI","NO") -> NO | AC17: =SUM('P102'!$Y17:$AA17) -> 3 | AD17: 0 | AE17: 2 | AF17: =IF('P102'!$AG17>5.9,"SI","NO") -> NO | AG17: =SUM('P102'!$AD17:$AE17) -> 2 | AH17: =IF('P102'!$AF17="NO",0," ") -> 0 | AI17: =IF('P102'!$AF17="NO",0," ") -> 0 | AJ17: =AVERAGE('P102'!$AH17:$AI17)*'P102'!$H17 -> 0 | AK17: 0 | AL17: 0 | AM17: 0 | AN17: =(1*('P102'!$AL17+'P102'!$AM17))*'P102'!$AK17 -> 0 | AO17: 7.25 | AP17: =SUM('P102'!$U17) -> 11.175 | AQ17: =SUM(AN17,AJ17,AG17,AC17,X17,('P102'!$AO17)*H17) -> 13.35 | AR17: ='P102'!$AP17+'P102'!$AQ17 -> 24.525
A18: ghidrovo@espol.edu.ec | B18: 202205944 | C18: HIDROVO ZAMBRANO GENESIS ROSALINDA | D18: 3 | F18: 1.1547005 | G18: 1.1547005 | H18: 1.1547005 | I18: 2.25 | J18: 1.25 | K18: 4.75 | L18: =IF(I18<1.79,SUM(I18:J18), SUM('P102'!$Q18:$S18)) -> 8.6 | M18: 3 | N18: 2 | O18: 3.6 | P18: =IF(M18<1.79,SUM(M18:N18), SUM('P102'!$Q18:$S18)) -> 8.6 | Q18: 3 | R18: 2 | S18: 3.6 | T18: =IF(Q18<1.79,SUM(Q18:R18), SUM('P102'!$Q18:$S18)) -> 8.6 | U18: =('P102'!$L18+'P102'!$P18+'P102'!$T18)*'P102'!$F18 -> 29.791274 | V18: 4.15 | W18: 8.1 | X18: =SUM('P102'!$V18:$W18)*'P102'!$G18 -> 14.145082 | Y18: 2 | Z18: 1.5 | AA18: 2.5 | AB18: =IF(SUM('P102'!$Y18:$AA18)>5.9,"SI","NO") -> SI | AC18: =SUM('P102'!$Y18:$AA18) -> 6 | AD18: 1 | AE18: 6 | AF18: =IF('P102'!$AG18>5.9,"SI","NO") -> SI | AG18: =SUM('P102'!$AD18:$AE18) -> 7 | AH18: 4 | AI18: 3.5 | AJ18: =AVERAGE('P102'!$AH18:$AI18)*'P102'!$H18 -> 4.330127 | AK18: 1 | AL18: 7 | AM18: 7 | AN18: =(1*('P102'!$AL18+'P102'!$AM18))*'P102'!$AK18 -> 14 | AO18: 9.25 | AP18: =SUM('P102'!$U18) -> 29.791274 | AQ18: =SUM(AN18,AJ18,AG18,AC18,X18,('P102'!$AO18)*H18) -> 56.156189 | AR18: ='P102'!$AP18+'P102'!$AQ18 -> 85.947462
A19: jermorei@espol.edu.ec | B19: 202405767 | C19: LEON MOREIRA JEREMY ALEXANDER | D19: 7 | F19: 0.5 | G19: 1.05605 | H19: 0.5 | I19: 2.25 | J19: 2 | K19: 4.3 | L19: =IF(I19<1.79,SUM(I19:J19), SUM('P102'!$Q19:$S19)) -> 4 | M19: 2.25 | N19: 1.75 | O19: 0 | P19: =IF(M19<1.79,SUM(M19:N19), SUM('P102'!$Q19:$S19)) -> 4 | Q19: 2.25 | R19: 1.75 | S19: 0 | T19: =IF(Q19<1.79,SUM(Q19:R19), SUM('P102'!$Q19:$S19)) -> 4 | U19: =('P102'!$L19+'P102'!$P19+'P102'!$T19)*'P102'!$F19 -> 6 | V19: 3.55 | W19: 7 | X19: =SUM('P102'!$V19:$W19)*'P102'!$G19 -> 11.141328 | Y19: 1.5 | Z19: 0 | AA19: 0 | AB19: =IF(SUM('P102'!$Y19:$AA19)>5.9,"SI","NO") -> NO | AC19: =SUM('P102'!$Y19:$AA19) -> 1.5 | AD19: 0 | AE19: 4 | AF19: =IF('P102'!$AG19>5.9,"SI","NO") -> NO | AG19: =SUM('P102'!$AD19:$AE19) -> 4 | AH19: =IF('P102'!$AF19="NO",0," ") -> 0 | AI19: =IF('P102'!$AF19="NO",0," ") -> 0 | AJ19: =AVERAGE('P102'!$AH19:$AI19)*'P102'!$H19 -> 0 | AK19: 0 | AL19: 0 | AM19: 0 | AN19: =(1*('P102'!$AL19+'P102'!$AM19))*'P102'!$AK19 -> 0 | AO19: 7.25 | AP19: =SUM('P102'!$U19) -> 6 | AQ19: =SUM(AN19,AJ19,AG19,AC19,X19,('P102'!$AO19)*H19) -> 20.266328 | AR19: ='P102'!$AP19+'P102'!$AQ19 -> 26.266328
A20: flindao@espol.edu.ec | B20: 202205852 | C20: LINDAO MEJIA FERNANDO ANDRE | D20: 2 | F20: 1.25 | G20: 1.237339 | H20: 0.5 | I20: 2.25 | J20: 1 | K20: 3.25 | L20: =IF(I20<1.79,SUM(I20:J20), SUM('P102'!$Q20:$S20)) -> 7.35 | M20: 2.25 | N20: 1.5 | O20: 3.6 | P20: =IF(M20<1.79,SUM(M20:N20), SUM('P102'!$Q20:$S20)) -> 7.35 | Q20: 2.25 | R20: 1.5 | S20: 3.6 | T20: =IF(Q20<1.79,SUM(Q20:R20), SUM('P102'!$Q20:$S20)) -> 7.35 | U20: =('P102'!$L20+'P102'!$P20+'P102'!$T20)*'P102'!$F20 -> 27.5625 | V20: 3.65 | W20: 3.5 | X20: =SUM('P102'!$V20:$W20)*'P102'!$G20 -> 8.8469737 | Y20: 1 | Z20: 1.5 | AA20: 0 | AB20: =IF(SUM('P102'!$Y20:$AA20)>5.9,"SI","NO") -> NO | AC20: =SUM('P102'!$Y20:$AA20) -> 2.5 | AD20: 1 | AE20: 1 | AF20: =IF('P102'!$AG20>5.9,"SI","NO") -> NO | AG20: =SUM('P102'!$AD20:$AE20) -> 2 | AH20: =IF('P102'!$AF20="NO",0," ") -> 0 | AI20: =IF('P102'!$AF20="NO",0," ") -> 0 | AJ20: =AVERAGE('P102'!$AH20:$AI20)*'P102'!$H20 -> 0 | AK20: 0 | AL20: 0 | AM20: 0 | AN20: =(1*('P102'!$AL20+'P102'!$AM20))*'P102'!$AK20 -> 0 | AO20: 7.25 | AP20: =SUM('P102'!$U20) -> 27.5625 | AQ20: =SUM(AN20,AJ20,AG20,AC20,X20,('P102'!$AO20)*H20) -> 16.971974 | AR20: ='P102'!$AP20+'P102'!$AQ20 -> 44.534474
A21: salituma@espol.edu.ec | B21: 202313565 | C21: LITUMA OLVERA SANTIAGO ANDRES | D21: 5 | F21: 1.0132206 | G21: 0.98473193 | H21: 0.5 | I21: 3 | J21: 2 | K21: 0 | L21: =IF(I21<1.79,SUM(I21:J21), SUM('P102'!$Q21:$S21)) -> 4.5 | M21: 3 | N21: 1.5 | O21: 0 | P21: =IF(M21<1.79,SUM(M21:N21), SUM('P102'!$Q21:$S21)) -> 4.5 | Q21: 3 | R21: 1.5 | S21: 0 | T21: =IF(Q21<1.79,SUM(Q21:R21), SUM('P102'!$Q21:$S21)) -> 4.5 | U21: =('P102'!$L21+'P102'!$P21+'P102'!$T21)*'P102'!$F21 -> 13.678478 | V21: 2.85 | W21: 6.6 | X21: =SUM('P102'!$V21:$W21)*'P102'!$G21 -> 9.3057167 | Y21: 1 | Z21: 1.5 | AA21: 1.25 | AB21: =IF(SUM('P102'!$Y21:$AA21)>5.9,"SI","NO") -> NO | AC21: =SUM('P102'!$Y21:$AA21) -> 3.75 | AD21: 0 | AE21: 2 | AF21: =IF('P102'!$AG21>5.9,"SI","NO") -> NO | AG21: =SUM('P102'!$AD21:$AE21) -> 2 | AH21: =IF('P102'!$AF21="NO",0," ") -> 0 | AI21: =IF('P102'!$AF21="NO",0," ") -> 0 | AJ21: =AVERAGE('P102'!$AH21:$AI21)*'P102'!$H21 -> 0 | AK21: 0 | AL21: 0 | AM21: 0 | AN21: =(1*('P102'!$AL21+'P102'!$AM21))*'P102'!$AK21 -> 0 | AO21: 7.25 | AP21: =SUM('P102'!$U21) -> 13.678478 | AQ21: =SUM(AN21,AJ21,AG21,AC21,X21,('P102'!$AO21)*H21) -> 18.680717 | AR21: ='P102'!$AP21+'P102'!$AQ21 -> 32.359195
A22: crilucas@espol.edu.ec | B22: 202414660 | C22: LUCAS CHAVEZ CRISTHIAN ERWIN | D22: 6 | F22: 1.2171612 | G22: 1.2403473 | H22: 0.5 | I22: 3 | J22: 2 | K22: 4.2 | L22: =IF(I22<1.79,SUM(I22:J22), SUM('P102'!$Q22:$S22)) -> 9 | M22: 3 | N22: 2 | O22: 4 | P22: =IF(M22<1.79,SUM(M22:N22), SUM('P102'!$Q22:$S22)) -> 9 | Q22: 3 | R22: 2 | S22: 4 | T22: =IF(Q22<1.79,SUM(Q22:R22), SUM('P102'!$Q22:$S22)) -> 9 | U22: =('P102'!$L22+'P102'!$P22+'P102'!$T22)*'P102'!$F22 -> 32.863353 | V22: 4.3 | W22: 8 | X22: =SUM('P102'!$V22:$W22)*'P102'!$G22 -> 15.256272 | Y22: 1.5 | Z22: 0 | AA22: 1.25 | AB22: =IF(SUM('P102'!$Y22:$AA22)>5.9,"SI","NO") -> NO | AC22: =SUM('P102'!$Y22:$AA22) -> 2.75 | AD22: 1 | AE22: 2 | AF22: =IF('P102'!$AG22>5.9,"SI","NO") -> NO | AG22: =SUM('P102'!$AD22:$AE22) -> 3 | AH22: =IF('P102'!$AF22="NO",0," ") -> 0 | AI22: =IF('P102'!$AF22="NO",0," ") -> 0 | AJ22: =AVERAGE('P102'!$AH22:$AI22)*'P102'!$H22 -> 0 | AK22: 0 | AL22: 0 | AM22: 0 | AN22: =(1*('P102'!$AL22+'P102'!$AM22))*'P102'!$AK22 -> 0 | AO22: 7.25 | AP22: =SUM('P102'!$U22) -> 32.863353 | AQ22: =SUM(AN22,AJ22,AG22,AC22,X22,('P102'!$AO22)*H22) -> 24.631272 | AR22: ='P102'!$AP22+'P102'!$AQ22 -> 57.494626
A23: dlupera@espol.edu.ec | B23: 202304093 | C23: LUPERA BRIONES DERICK ALEXANDER | D23: 1 | F23: 1.008439 | G23: 1.046125 | H23: 0.5 | I23: 3 | J23: 0 | K23: 3.55 | L23: =IF(I23<1.79,SUM(I23:J23), SUM('P102'!$Q23:$S23)) -> 6.6 | M23: 3 | N23: 0 | O23: 3.6 | P23: =IF(M23<1.79,SUM(M23:N23), SUM('P102'!$Q23:$S23)) -> 6.6 | Q23: 3 | R23: 0 | S23: 3.6 | T23: =IF(Q23<1.79,SUM(Q23:R23), SUM('P102'!$Q23:$S23)) -> 6.6 | U23: =('P102'!$L23+'P102'!$P23+'P102'!$T23)*'P102'!$F23 -> 19.967092 | V23: 2.8 | W23: 6.7 | X23: =SUM('P102'!$V23:$W23)*'P102'!$G23 -> 9.9381875 | Y23: 1.5 | Z23: 1.5 | AA23: 2.5 | AB23: =IF(SUM('P102'!$Y23:$AA23)>5.9,"SI","NO") -> NO | AC23: =SUM('P102'!$Y23:$AA23) -> 5.5 | AD23: 1 | AE23: 3 | AF23: =IF('P102'!$AG23>5.9,"SI","NO") -> NO | AG23: =SUM('P102'!$AD23:$AE23) -> 4 | AH23: =IF('P102'!$AF23="NO",0," ") -> 0 | AI23: 1 | AJ23: =AVERAGE('P102'!$AH23:$AI23)*'P102'!$H23 -> 0.25 | AK23: 0 | AL23: 0 | AM23: 0 | AN23: =(1*('P102'!$AL23+'P102'!$AM23))*'P102'!$AK23 -> 0 | AO23: 7 | AP23: =SUM('P102'!$U23) -> 19.967092 | AQ23: =SUM(AN23,AJ23,AG23,AC23,X23,('P102'!$AO23)*H23) -> 23.188187 | AR23: ='P102'!$AP23+'P102'!$AQ23 -> 43.155279
A24: bjmacas@espol.edu.ec | B24: 202304010 | C24: MACAS GUSQUI BRYAN JOEL | D24: 7 | F24: 0.87988269 | G24: 0.80657152 | H24: 0.5 | I24: 3 | J24: 2 | K24: 4.3 | L24: =IF(I24<1.79,SUM(I24:J24), SUM('P102'!$Q24:$S24)) -> 8.45 | M24: 3 | N24: 1.75 | O24: 3.7 | P24: =IF(M24<1.79,SUM(M24:N24), SUM('P102'!$Q24:$S24)) -> 8.45 | Q24: 3 | R24: 1.75 | S24: 3.7 | T24: =IF(Q24<1.79,SUM(Q24:R24), SUM('P102'!$Q24:$S24)) -> 8.45 | U24: =('P102'!$L24+'P102'!$P24+'P102'!$T24)*'P102'!$F24 -> 22.305026 | V24: 3.55 | W24: 7 | X24: =SUM('P102'!$V24:$W24)*'P102'!$G24 -> 8.5093296 | Y24: 2 | Z24: 3 | AA24: 3.75 | AB24: =IF(SUM('P102'!$Y24:$AA24)>5.9,"SI","NO") -> SI | AC24: =SUM('P102'!$Y24:$AA24) -> 8.75 | AD24: 0 | AE24: 4 | AF24: =IF('P102'!$AG24>5.9,"SI","NO") -> NO | AG24: =SUM('P102'!$AD24:$AE24) -> 4 | AH24: =IF('P102'!$AF24="NO",0," ") -> 0 | AI24: =IF('P102'!$AF24="NO",0," ") -> 0 | AJ24: =AVERAGE('P102'!$AH24:$AI24)*'P102'!$H24 -> 0 | AK24: 0 | AL24: 0 | AM24: 0 | AN24: =(1*('P102'!$AL24+'P102'!$AM24))*'P102'!$AK24 -> 0 | AO24: 7.25 | AP24: =SUM('P102'!$U24) -> 22.305026 | AQ24: =SUM(AN24,AJ24,AG24,AC24,X24,('P102'!$AO24)*H24) -> 24.88433 | AR24: ='P102'!$AP24+'P102'!$AQ24 -> 47.189356
A25: maumoran@espol.edu.ec | B25: 202508891 | C25: MORAN AGUAYO MAURO ALEJANDRO | D25: 5 | F25: 0.5 | G25: 0.95264731 | H25: 0.5 | I25: 2.25 | J25: 2 | K25: 3.5 | L25: =IF(I25<1.79,SUM(I25:J25), SUM('P102'!$Q25:$S25)) -> 7.45 | M25: 2.25 | N25: 1.5 | O25: 3.7 | P25: =IF(M25<1.79,SUM(M25:N25), SUM('P102'!$Q25:$S25)) -> 7.45 | Q25: 2.25 | R25: 1.5 | S25: 3.7 | T25: =IF(Q25<1.79,SUM(Q25:R25), SUM('P102'!$Q25:$S25)) -> 7.45 | U25: =('P102'!$L25+'P102'!$P25+'P102'!$T25)*'P102'!$F25 -> 11.175 | V25: 2.85 | W25: 6.6 | X25: =SUM('P102'!$V25:$W25)*'P102'!$G25 -> 9.0025171 | Y25: 0.5 | Z25: 1.5 | AA25: 0 | AB25: =IF(SUM('P102'!$Y25:$AA25)>5.9,"SI","NO") -> NO | AC25: =SUM('P102'!$Y25:$AA25) -> 2 | AD25: 0 | AE25: 2 | AF25: =IF('P102'!$AG25>5.9,"SI","NO") -> NO | AG25: =SUM('P102'!$AD25:$AE25) -> 2 | AH25: =IF('P102'!$AF25="NO",0," ") -> 0 | AI25: =IF('P102'!$AF25="NO",0," ") -> 0 | AJ25: =AVERAGE('P102'!$AH25:$AI25)*'P102'!$H25 -> 0 | AK25: 0 | AL25: 0 | AM25: 0 | AN25: =(1*('P102'!$AL25+'P102'!$AM25))*'P102'!$AK25 -> 0 | AO25: 7.25 | AP25: =SUM('P102'!$U25) -> 11.175 | AQ25: =SUM(AN25,AJ25,AG25,AC25,X25,('P102'!$AO25)*H25) -> 16.627517 | AR25: ='P102'!$AP25+'P102'!$AQ25 -> 27.802517
A26: samucarp@espol.edu.ec | B26: 202410015 | C26: MURILLO CARPIO SAMUEL ANDRES | D26: 1 | F26: 1.0610881 | G26: 1.0604235 | H26: 1.0577718 | I26: 1.5 | J26: 0 | K26: 3.55 | L26: =IF(I26<1.79,SUM(I26:J26), SUM('P102'!$Q26:$S26)) -> 1.5 | M26: 1.5 | N26: 0 | O26: 3.6 | P26: =IF(M26<1.79,SUM(M26:N26), SUM('P102'!$Q26:$S26)) -> 1.5 | Q26: 1.5 | R26: 0 | S26: 3.6 | T26: =IF(Q26<1.79,SUM(Q26:R26), SUM('P102'!$Q26:$S26)) -> 1.5 | U26: =('P102'!$L26+'P102'!$P26+'P102'!$T26)*'P102'!$F26 -> 4.7748965 | V26: 2.8 | W26: 6.7 | X26: =SUM('P102'!$V26:$W26)*'P102'!$G26 -> 10.074023 | Y26: 1 | Z26: 3 | AA26: 1.25 | AB26: =IF(SUM('P102'!$Y26:$AA26)>5.9,"SI","NO") -> NO | AC26: =SUM('P102'!$Y26:$AA26) -> 5.25 | AD26: 1 | AE26: 3 | AF26: =IF('P102'!$AG26>5.9,"SI","NO") -> NO | AG26: =SUM('P102'!$AD26:$AE26) -> 4 | AH26: =IF('P102'!$AF26="NO",0," ") -> 0 | AI26: 1 | AJ26: =AVERAGE('P102'!$AH26:$AI26)*'P102'!$H26 -> 0.52888589 | AK26: 0 | AL26: 0 | AM26: 0 | AN26: =(1*('P102'!$AL26+'P102'!$AM26))*'P102'!$AK26 -> 0 | AO26: 7 | AP26: =SUM('P102'!$U26) -> 4.7748965 | AQ26: =SUM(AN26,AJ26,AG26,AC26,X26,('P102'!$AO26)*H26) -> 27.257312 | AR26: ='P102'!$AP26+'P102'!$AQ26 -> 32.032208
A27: johnieto@espol.edu.ec | B27: 202410320 | C27: NIETO LEAL JOHN ANTHONY | D27: 2 | F27: 0.5 | G27: 1.2984785 | H27: 1.393466 | I27: 3 | J27: 1 | K27: 3.25 | L27: =IF(I27<1.79,SUM(I27:J27), SUM('P102'!$Q27:$S27)) -> 8.1 | M27: 3 | N27: 1.5 | O27: 3.6 | P27: =IF(M27<1.79,SUM(M27:N27), SUM('P102'!$Q27:$S27)) -> 8.1 | Q27: 3 | R27: 1.5 | S27: 3.6 | T27: =IF(Q27<1.79,SUM(Q27:R27), SUM('P102'!$Q27:$S27)) -> 8.1 | U27: =('P102'!$L27+'P102'!$P27+'P102'!$T27)*'P102'!$F27 -> 12.15 | V27: 3.65 | W27: 3.5 | X27: =SUM('P102'!$V27:$W27)*'P102'!$G27 -> 9.2841215 | Y27: 1 | Z27: 3 | AA27: 0 | AB27: =IF(SUM('P102'!$Y27:$AA27)>5.9,"SI","NO") -> NO | AC27: =SUM('P102'!$Y27:$AA27) -> 4 | AD27: 1 | AE27: 1 | AF27: =IF('P102'!$AG27>5.9,"SI","NO") -> NO | AG27: =SUM('P102'!$AD27:$AE27) -> 2 | AH27: =IF('P102'!$AF27="NO",0," ") -> 0 | AI27: =IF('P102'!$AF27="NO",0," ") -> 0 | AJ27: =AVERAGE('P102'!$AH27:$AI27)*'P102'!$H27 -> 0 | AK27: 0 | AL27: 0 | AM27: 0 | AN27: =(1*('P102'!$AL27+'P102'!$AM27))*'P102'!$AK27 -> 0 | AO27: 7.25 | AP27: =SUM('P102'!$U27) -> 12.15 | AQ27: =SUM(AN27,AJ27,AG27,AC27,X27,('P102'!$AO27)*H27) -> 25.38675 | AR27: ='P102'!$AP27+'P102'!$AQ27 -> 37.53675
A28: rommleon@espol.edu.ec | B28: 202410197 | C28: OLVERA LEON ROMMEL ALDAIR | D28: 2 | F28: 0.5 | G28: 0.5 | H28: 0.5 | I28: 3 | J28: 1 | K28: 3.25 | L28: =IF(I28<1.79,SUM(I28:J28), SUM('P102'!$Q28:$S28)) -> 4.5 | M28: 3 | N28: 1.5 | O28: 0 | P28: =IF(M28<1.79,SUM(M28:N28), SUM('P102'!$Q28:$S28)) -> 4.5 | Q28: 3 | R28: 1.5 | S28: 0 | T28: =IF(Q28<1.79,SUM(Q28:R28), SUM('P102'!$Q28:$S28)) -> 4.5 | U28: =('P102'!$L28+'P102'!$P28+'P102'!$T28)*'P102'!$F28 -> 6.75 | V28: 3.65 | W28: 3.5 | X28: =SUM('P102'!$V28:$W28)*'P102'!$G28 -> 3.575 | Y28: 1 | Z28: 0 | AA28: 0 | AB28: =IF(SUM('P102'!$Y28:$AA28)>5.9,"SI","NO") -> NO | AC28: =SUM('P102'!$Y28:$AA28) -> 1 | AD28: 1 | AE28: 1 | AF28: =IF('P102'!$AG28>5.9,"SI","NO") -> NO | AG28: =SUM('P102'!$AD28:$AE28) -> 2 | AH28: =IF('P102'!$AF28="NO",0," ") -> 0 | AI28: =IF('P102'!$AF28="NO",0," ") -> 0 | AJ28: =AVERAGE('P102'!$AH28:$AI28)*'P102'!$H28 -> 0 | AK28: 0 | AL28: 0 | AM28: 0 | AN28: =(1*('P102'!$AL28+'P102'!$AM28))*'P102'!$AK28 -> 0 | AO28: 0 | AP28: =SUM('P102'!$U28) -> 6.75 | AQ28: =SUM(AN28,AJ28,AG28,AC28,X28,('P102'!$AO28)*H28) -> 6.575 | AR28: ='P102'!$AP28+'P102'!$AQ28 -> 13.325
A29: luisorti@espol.edu.ec | B29: 202401295 | C29: ORTIZ CONFORME LUIS MARIO | D29: 8 | F29: 0.5 | G29: 0 | H29: 0 | I29: 2.25 | J29: 2 | K29: 3.8 | L29: =IF(I29<1.79,SUM(I29:J29), SUM('P102'!$Q29:$S29)) -> 2.25 | M29: 2.25 | N29: 0 | O29: 0 | P29: =IF(M29<1.79,SUM(M29:N29), SUM('P102'!$Q29:$S29)) -> 2.25 | Q29: 2.25 | R29: 0 | S29: 0 | T29: =IF(Q29<1.79,SUM(Q29:R29), SUM('P102'!$Q29:$S29)) -> 2.25 | U29: =('P102'!$L29+'P102'!$P29+'P102'!$T29)*'P102'!$F29 -> 3.375 | V29: 3.8 | W29: 8 | X29: =SUM('P102'!$V29:$W29)*'P102'!$G29 -> 0 | Y29: 1.5 | Z29: 0 | AA29: 0 | AB29: =IF(SUM('P102'!$Y29:$AA29)>5.9,"SI","NO") -> NO | AC29: =SUM('P102'!$Y29:$AA29) -> 1.5 | AD29: 1 | AE29: 0 | AF29: =IF('P102'!$AG29>5.9,"SI","NO") -> NO | AG29: =SUM('P102'!$AD29:$AE29) -> 1 | AH29: =IF('P102'!$AF29="NO",0," ") -> 0 | AI29: =IF('P102'!$AF29="NO",0," ") -> 0 | AJ29: =AVERAGE('P102'!$AH29:$AI29)*'P102'!$H29 -> 0 | AK29: 0 | AL29: 0 | AM29: 0 | AN29: =(1*('P102'!$AL29+'P102'!$AM29))*'P102'!$AK29 -> 0 | AO29: 0 | AP29: =SUM('P102'!$U29) -> 3.375 | AQ29: =SUM(AN29,AJ29,AG29,AC29,X29,('P102'!$AO29)*H29) -> 2.5 | AR29: ='P102'!$AP29+'P102'!$AQ29 -> 5.875
A30: axepilay@espol.edu.ec | B30: 202505277 | C30: PILAY PINCAY AXEL DARIO | D30: 6 | F30: 0.5 | G30: 0.5 | H30: 0.5 | I30: 3 | J30: 2 | K30: 4.2 | L30: =IF(I30<1.79,SUM(I30:J30), SUM('P102'!$Q30:$S30)) -> 5 | M30: 3 | N30: 2 | O30: 0 | P30: =IF(M30<1.79,SUM(M30:N30), SUM('P102'!$Q30:$S30)) -> 5 | Q30: 3 | R30: 2 | S30: 0 | T30: =IF(Q30<1.79,SUM(Q30:R30), SUM('P102'!$Q30:$S30)) -> 5 | U30: =('P102'!$L30+'P102'!$P30+'P102'!$T30)*'P102'!$F30 -> 7.5 | V30: 4.3 | W30: 8 | X30: =SUM('P102'!$V30:$W30)*'P102'!$G30 -> 6.15 | Y30: 2 | Z30: 0 | AA30: 0 | AB30: =IF(SUM('P102'!$Y30:$AA30)>5.9,"SI","NO") -> NO | AC30: =SUM('P102'!$Y30:$AA30) -> 2 | AD30: 1 | AE30: 2 | AF30: =IF('P102'!$AG30>5.9,"SI","NO") -> NO | AG30: =SUM('P102'!$AD30:$AE30) -> 3 | AH30: =IF('P102'!$AF30="NO",0," ") -> 0 | AI30: =IF('P102'!$AF30="NO",0," ") -> 0 | AJ30: =AVERAGE('P102'!$AH30:$AI30)*'P102'!$H30 -> 0 | AK30: 0 | AL30: 0 | AM30: 0 | AN30: =(1*('P102'!$AL30+'P102'!$AM30))*'P102'!$AK30 -> 0 | AO30: 0 | AP30: =SUM('P102'!$U30) -> 7.5 | AQ30: =SUM(AN30,AJ30,AG30,AC30,X30,('P102'!$AO30)*H30) -> 11.15 | AR30: ='P102'!$AP30+'P102'!$AQ30 -> 18.65
A31: rapina@espol.edu.ec | B31: 202213203 | C31: PIÑA SALAS RICARDO ANDRES | D31: 7 | F31: 1.0369517 | G31: 1.05605 | H31: 1.2 | I31: 2.25 | J31: 2 | K31: 4.3 | L31: =IF(I31<1.79,SUM(I31:J31), SUM('P102'!$Q31:$S31)) -> 7.7 | M31: 2.25 | N31: 1.75 | O31: 3.7 | P31: =IF(M31<1.79,SUM(M31:N31), SUM('P102'!$Q31:$S31)) -> 7.7 | Q31: 2.25 | R31: 1.75 | S31: 3.7 | T31: =IF(Q31<1.79,SUM(Q31:R31), SUM('P102'!$Q31:$S31)) -> 7.7 | U31: =('P102'!$L31+'P102'!$P31+'P102'!$T31)*'P102'!$F31 -> 23.953584 | V31: 3.55 | W31: 7 | X31: =SUM('P102'!$V31:$W31)*'P102'!$G31 -> 11.141328 | Y31: 1.5 | Z31: 0 | AA31: 1.25 | AB31: =IF(SUM('P102'!$Y31:$AA31)>5.9,"SI","NO") -> NO | AC31: =SUM('P102'!$Y31:$AA31) -> 2.75 | AD31: 0 | AE31: 4 | AF31: =IF('P102'!$AG31>5.9,"SI","NO") -> NO | AG31: =SUM('P102'!$AD31:$AE31) -> 4 | AH31: =IF('P102'!$AF31="NO",0," ") -> 0 | AI31: =IF('P102'!$AF31="NO",0," ") -> 0 | AJ31: =AVERAGE('P102'!$AH31:$AI31)*'P102'!$H31 -> 0 | AK31: 0 | AL31: 0 | AM31: 0 | AN31: =(1*('P102'!$AL31+'P102'!$AM31))*'P102'!$AK31 -> 0 | AO31: 7.25 | AP31: =SUM('P102'!$U31) -> 23.953584 | AQ31: =SUM(AN31,AJ31,AG31,AC31,X31,('P102'!$AO31)*H31) -> 26.591328 | AR31: ='P102'!$AP31+'P102'!$AQ31 -> 50.544912
A32: anquichi@espol.edu.ec | B32: 202502225 | C32: QUICHIMBO SARMIENTO ANDRES JAVIER | D32: 5 | F32: 1.0464497 | G32: 1.0577718 | H32: 1.4 | I32: 3 | J32: 2 | K32: 3.5 | L32: =IF(I32<1.79,SUM(I32:J32), SUM('P102'!$Q32:$S32)) -> 8.2 | M32: 3 | N32: 1.5 | O32: 3.7 | P32: =IF(M32<1.79,SUM(M32:N32), SUM('P102'!$Q32:$S32)) -> 8.2 | Q32: 3 | R32: 1.5 | S32: 3.7 | T32: =IF(Q32<1.79,SUM(Q32:R32), SUM('P102'!$Q32:$S32)) -> 8.2 | U32: =('P102'!$L32+'P102'!$P32+'P102'!$T32)*'P102'!$F32 -> 25.742663 | V32: 2.85 | W32: 6.6 | X32: =SUM('P102'!$V32:$W32)*'P102'!$G32 -> 9.9959432 | Y32: 1.5 | Z32: 1.5 | AA32: 0 | AB32: =IF(SUM('P102'!$Z32:$AA32)>5.9,"SI","NO") -> NO | AC32: =SUM('P102'!$Y32:$AA32) -> 3 | AD32: 0 | AE32: 2 | AF32: =IF('P102'!$AG32>5.9,"SI","NO") -> NO | AG32: =SUM('P102'!$AD32:$AE32) -> 2 | AH32: =IF('P102'!$AF32="NO",0," ") -> 0 | AI32: =IF('P102'!$AF32="NO",0," ") -> 0 | AJ32: =AVERAGE('P102'!$AH32:$AI32)*'P102'!$H32 -> 0 | AK32: 0 | AL32: 0 | AM32: 0 | AN32: =(1*('P102'!$AL32+'P102'!$AM32))*'P102'!$AK32 -> 0 | AO32: 7.25 | AP32: =SUM('P102'!$U32) -> 25.742663 | AQ32: =SUM(AN32,AJ32,AG32,AC32,X32,('P102'!$AO32)*H32) -> 25.145943 | AR32: ='P102'!$AP32+'P102'!$AQ32 -> 50.888607
A33: ronreyes@espol.edu.ec | B33: 202402285 | C33: REYES ALCIVAR RONNY LEO | D33: 5 | F33: 1.0244167 | G33: 1.0096658 | H33: 0.5 | I33: 1.5 | J33: 2 | K33: 0 | L33: =IF(I33<1.79,SUM(I33:J33), SUM('P102'!$Q33:$S33)) -> 3.5 | M33: 1.5 | N33: 1.5 | O33: 3.7 | P33: =IF(M33<1.79,SUM(M33:N33), SUM('P102'!$Q33:$S33)) -> 3 | Q33: 1.5 | R33: 1.5 | S33: 3.7 | T33: =IF(Q33<1.79,SUM(Q33:R33), SUM('P102'!$Q33:$S33)) -> 3 | U33: =('P102'!$L33+'P102'!$P33+'P102'!$T33)*'P102'!$F33 -> 9.731959 | V33: 2.85 | W33: 6.6 | X33: =SUM('P102'!$V33:$W33)*'P102'!$G33 -> 9.5413418 | Y33: 2 | Z33: 3 | AA33: 0 | AB33: =IF(SUM('P102'!$Y33:$AA33)>5.9,"SI","NO") -> NO | AC33: =SUM('P102'!$Y33:$AA33) -> 5 | AD33: 0 | AE33: 2 | AF33: =IF('P102'!$AG33>5.9,"SI","NO") -> NO | AG33: =SUM('P102'!$AD33:$AE33) -> 2 | AH33: =IF('P102'!$AF33="NO",0," ") -> 0 | AI33: =IF('P102'!$AF33="NO",0," ") -> 0 | AJ33: =AVERAGE('P102'!$AH33:$AI33)*'P102'!$H33 -> 0 | AK33: 0 | AL33: 0 | AM33: 0 | AN33: =(1*('P102'!$AL33+'P102'!$AM33))*'P102'!$AK33 -> 0 | AO33: 7.25 | AP33: =SUM('P102'!$U33) -> 9.731959 | AQ33: =SUM(AN33,AJ33,AG33,AC33,X33,('P102'!$AO33)*H33) -> 20.166342 | AR33: ='P102'!$AP33+'P102'!$AQ33 -> 29.898301
A34: reireyes@espol.edu.ec | B34: 202402582 | C34: REYES POSLIGUA REINALDO RENE | D34: 8 | F34: 1.25 | G34: 1.25 | H34: 1.25 | I34: 3 | J34: 2 | K34: 3.8 | L34: =IF(I34<1.79,SUM(I34:J34), SUM('P102'!$Q34:$S34)) -> 7.25 | M34: 3 | N34: 0 | O34: 3.75 | P34: =IF(M34<1.79,SUM(M34:N34), SUM('P102'!$Q34:$S34)) -> 7.25 | Q34: 3 | R34: 0.5 | S34: 3.75 | T34: =IF(Q34<1.79,SUM(Q34:R34), SUM('P102'!$Q34:$S34)) -> 7.25 | U34: =('P102'!$L34+'P102'!$P34+'P102'!$T34)*'P102'!$F34 -> 27.1875 | V34: 3.8 | W34: 8 | X34: =SUM('P102'!$V34:$W34)*'P102'!$G34 -> 14.75 | Y34: 1 | Z34: 0 | AA34: 5 | AB34: =IF(SUM('P102'!$Y34:$AA34)>5.9,"SI","NO") -> SI | AC34: =SUM('P102'!$Y34:$AA34) -> 6 | AD34: 1 | AE34: 4.5 | AF34: =IF('P102'!$AG34>5.9,"SI","NO") -> NO | AG34: =SUM('P102'!$AD34:$AE34) -> 5.5 | AH34: =IF('P102'!$AF34="NO",0," ") -> 0 | AI34: =IF('P102'!$AF34="NO",0," ") -> 0 | AJ34: =AVERAGE('P102'!$AH34:$AI34)*'P102'!$H34 -> 0 | AK34: 0 | AL34: 0 | AM34: 0 | AN34: =(1*('P102'!$AL34+'P102'!$AM34))*'P102'!$AK34 -> 0 | AO34: 8 | AP34: =SUM('P102'!$U34) -> 27.1875 | AQ34: =SUM(AN34,AJ34,AG34,AC34,X34,('P102'!$AO34)*H34) -> 36.25 | AR34: ='P102'!$AP34+'P102'!$AQ34 -> 63.4375
A35: sriera@espol.edu.ec | B35: 202201216 | C35: RIERA BERMEO SEBAATIAN RIERA | D35: 6 | F35: 0.4868645 | G35: 0.5 | H35: 0.5 | I35: 2.25 | J35: 2 | K35: 4.2 | L35: =IF(I35<1.79,SUM(I35:J35), SUM('P102'!$Q35:$S35)) -> 9.25 | M35: 2.25 | N35: 2 | O35: 5 | P35: =IF(M35<1.79,SUM(M35:N35), SUM('P102'!$Q35:$S35)) -> 9.25 | Q35: 2.25 | R35: 2 | S35: 5 | T35: =IF(Q35<1.79,SUM(Q35:R35), SUM('P102'!$Q35:$S35)) -> 9.25 | U35: =('P102'!$L35+'P102'!$P35+'P102'!$T35)*'P102'!$F35 -> 13.51049 | V35: 4.3 | W35: 8 | X35: =SUM('P102'!$V35:$W35)*'P102'!$G35 -> 6.15 | Y35: 1 | Z35: 1.5 | AA35: 2.5 | AB35: =IF(SUM('P102'!$Y35:$AA35)>5.9,"SI","NO") -> NO | AC35: =SUM('P102'!$Y34:$AA34) -> 6 | AD35: 1 | AE35: 2 | AF35: =IF('P102'!$AG35>5.9,"SI","NO") -> NO | AG35: =SUM('P102'!$AD35:$AE35) -> 3 | AH35: =IF('P102'!$AF35="NO",0," ") -> 0 | AI35: =IF('P102'!$AF35="NO",0," ") -> 0 | AJ35: =AVERAGE('P102'!$AH35:$AI35)*'P102'!$H35 -> 0 | AK35: 0 | AL35: 0 | AM35: 0 | AN35: =(1*('P102'!$AL35+'P102'!$AM35))*'P102'!$AK35 -> 0 | AO35: 0 | AP35: =SUM('P102'!$U35) -> 13.51049 | AQ35: =SUM(AN35,AJ35,AG35,AC35,X35,('P102'!$AO35)*H35) -> 15.15 | AR35: ='P102'!$AP35+'P102'!$AQ35 -> 28.66049
A36: ericrive@espol.edu.ec | B36: 202501979 | C36: RIVERA YUMBO ERICK XAVIER | D36: 1 | F36: 0.9717561 | G36: 0.97148088 | H36: 0.94609983 | I36: 3 | J36: 0 | K36: 3.55 | L36: =IF(I36<1.79,SUM(I36:J36), SUM('P102'!$Q36:$S36)) -> 6.6 | M36: 3 | N36: 0 | O36: 3.6 | P36: =IF(M36<1.79,SUM(M36:N36), SUM('P102'!$Q36:$S36)) -> 6.6 | Q36: 3 | R36: 0 | S36: 3.6 | T36: =IF(Q36<1.79,SUM(Q36:R36), SUM('P102'!$Q36:$S36)) -> 6.6 | U36: =('P102'!$L36+'P102'!$P36+'P102'!$T36)*'P102'!$F36 -> 19.240771 | V36: 2.8 | W36: 6.7 | X36: =SUM('P102'!$V36:$W36)*'P102'!$G36 -> 9.2290684 | Y36: 2 | Z36: 1.5 | AA36: 2.5 | AB36: =IF(SUM('P102'!$Y36:$AA36)>5.9,"SI","NO") -> SI | AC36: =SUM('P102'!$Y36:$AA36) -> 6 | AD36: 1 | AE36: 3 | AF36: =IF('P102'!$AG36>5.9,"SI","NO") -> NO | AG36: =SUM('P102'!$AD36:$AE36) -> 4 | AH36: =IF('P102'!$AF36="NO",0," ") -> 0 | AI36: 1 | AJ36: =AVERAGE('P102'!$AH36:$AI36)*'P102'!$H36 -> 0.47304992 | AK36: 0 | AL36: 0 | AM36: 0 | AN36: =(1*('P102'!$AL36+'P102'!$AM36))*'P102'!$AK36 -> 0 | AO36: 7 | AP36: =SUM('P102'!$U36) -> 19.240771 | AQ36: =SUM(AN36,AJ36,AG36,AC36,X36,('P102'!$AO36)*H36) -> 26.324817 | AR36: ='P102'!$AP36+'P102'!$AQ36 -> 45.565588
A37: geraruiz@espol.edu.ec | B37: 202400305 | C37: RUIZ SANCHEZ GERALD JOSE | D37: 1 | F37: 0.8802377 | G37: 0.8502303 | H37: 0.5 | I37: 1.5 | J37: 0 | K37: 0 | L37: =IF(I37<1.79,SUM(I37:J37), SUM('P102'!$Q37:$S37)) -> 1.5 | M37: 1.5 | N37: 0 | O37: 3.6 | P37: =IF(M37<1.79,SUM(M37:N37), SUM('P102'!$Q37:$S37)) -> 1.5 | Q37: 1.5 | R37: 0 | S37: 3.6 | T37: =IF(Q37<1.79,SUM(Q37:R37), SUM('P102'!$Q37:$S37)) -> 1.5 | U37: =('P102'!$L37+'P102'!$P37+'P102'!$T37)*'P102'!$F37 -> 3.9610696 | V37: 2.8 | W37: 6.7 | X37: =SUM('P102'!$V37:$W37)*'P102'!$G37 -> 8.0771879 | Y37: 1 | Z37: 0 | AA37: 0 | AB37: =IF(SUM('P102'!$Y37:$AA37)>5.9,"SI","NO") -> NO | AC37: =SUM('P102'!$Y37:$AA37) -> 1 | AD37: 1 | AE37: 3 | AF37: =IF('P102'!$AG37>5.9,"SI","NO") -> NO | AG37: =SUM('P102'!$AD37:$AE37) -> 4 | AH37: =IF('P102'!$AF37="NO",0," ") -> 0 | AI37: 1 | AJ37: =AVERAGE('P102'!$AH37:$AI37)*'P102'!$H37 -> 0.25 | AK37: 0 | AL37: 0 | AM37: 0 | AN37: =(1*('P102'!$AL37+'P102'!$AM37))*'P102'!$AK37 -> 0 | AO37: 7 | AP37: =SUM('P102'!$U37) -> 3.9610696 | AQ37: =SUM(AN37,AJ37,AG37,AC37,X37,('P102'!$AO37)*H37) -> 16.827188 | AR37: ='P102'!$AP37+'P102'!$AQ37 -> 20.788258
A38: elsaguay@espol.edu.ec | B38: 202411765 | C38: SAGUAY CAMACHO ELKIN RICARDO | D38: 1 | F38: 1.0667776 | G38: 1.0556788 | H38: 0.5 | I38: 3 | J38: 0 | K38: 0 | L38: =IF(I38<1.79,SUM(I38:J38), SUM('P102'!$Q38:$S38)) -> 6.6 | M38: 3 | N38: 0 | O38: 3.6 | P38: =IF(M38<1.79,SUM(M38:N38), SUM('P102'!$Q38:$S38)) -> 6.6 | Q38: 3 | R38: 0 | S38: 3.6 | T38: =IF(Q38<1.79,SUM(Q38:R38), SUM('P102'!$Q38:$S38)) -> 6.6 | U38: =('P102'!$L38+'P102'!$P38+'P102'!$T38)*'P102'!$F38 -> 21.122197 | V38: 2.8 | W38: 6.7 | X38: =SUM('P102'!$V38:$W38)*'P102'!$G38 -> 10.028949 | Y38: 1.5 | Z38: 0 | AA38: 0 | AB38: =IF(SUM('P102'!$Y38:$AA38)>5.9,"SI","NO") -> NO | AC38: =SUM('P102'!$Y38:$AA38) -> 1.5 | AD38: 1 | AE38: 3 | AF38: =IF('P102'!$AG38>5.9,"SI","NO") -> NO | AG38: =SUM('P102'!$AD38:$AE38) -> 4 | AH38: =IF('P102'!$AF38="NO",0," ") -> 0 | AI38: 1 | AJ38: =AVERAGE('P102'!$AH38:$AI38)*'P102'!$H38 -> 0.25 | AK38: 0 | AL38: 0 | AM38: 0 | AN38: =(1*('P102'!$AL38+'P102'!$AM38))*'P102'!$AK38 -> 0 | AO38: 7 | AP38: =SUM('P102'!$U38) -> 21.122197 | AQ38: =SUM(AN38,AJ38,AG38,AC38,X38,('P102'!$AO38)*H38) -> 19.278949 | AR38: ='P102'!$AP38+'P102'!$AQ38 -> 40.401146
A39: josisego@espol.edu.ec | B39: 202206595 | C39: SEGOVIA BERMEJO JOSUE ISRAEL | D39: 4 | F39: 0.72428597 | G39: 0.5 | H39: 0.5 | I39: 2.25 | J39: 1 | K39: 4.5 | L39: =IF(I39<1.79,SUM(I39:J39), SUM('P102'!$Q39:$S39)) -> 7.45 | M39: 2.25 | N39: 1.5 | O39: 3.7 | P39: =IF(M39<1.79,SUM(M39:N39), SUM('P102'!$Q39:$S39)) -> 7.45 | Q39: 2.25 | R39: 1.5 | S39: 3.7 | T39: =IF(Q39<1.79,SUM(Q39:R39), SUM('P102'!$Q39:$S39)) -> 7.45 | U39: =('P102'!$L39+'P102'!$P39+'P102'!$T39)*'P102'!$F39 -> 16.187791 | V39: 2.6 | W39: 6.44 | X39: =SUM('P102'!$V39:$W39)*'P102'!$G39 -> 4.52 | Y39: 1 | Z39: 0 | AA39: 0 | AB39: =IF(SUM('P102'!$Y39:$AA39)>5.9,"SI","NO") -> NO | AC39: =SUM('P102'!$Y39:$AA39) -> 1 | AD39: 1 | AE39: 4 | AF39: =IF('P102'!$AG39>5.9,"SI","NO") -> NO | AG39: =SUM('P102'!$AD39:$AE39) -> 5 | AH39: =IF('P102'!$AF39="NO",0," ") -> 0 | AI39: =IF('P102'!$AF39="NO",0," ") -> 0 | AJ39: =AVERAGE('P102'!$AH39:$AI39)*'P102'!$H39 -> 0 | AK39: 0 | AL39: 0 | AM39: 0 | AN39: =(1*('P102'!$AL39+'P102'!$AM39))*'P102'!$AK39 -> 0 | AO39: 7 | AP39: =SUM('P102'!$U39) -> 16.187791 | AQ39: =SUM(AN39,AJ39,AG39,AC39,X39,('P102'!$AO39)*H39) -> 14.02 | AR39: ='P102'!$AP39+'P102'!$AQ39 -> 30.207791
A40: edisuare@espol.edu.ec | B40: 202412235 | C40: SUAREZ CHOEZ EDISON ENRIQUE | D40: 2 | F40: 0.5 | G40: 1.2758946 | H40: 0.5 | I40: 1.5 | J40: 1 | K40: 0 | L40: =IF(I40<1.79,SUM(I40:J40), SUM('P102'!$Q40:$S40)) -> 2.5 | M40: 1.5 | N40: 1.5 | O40: 3.6 | P40: =IF(M40<1.79,SUM(M40:N40), SUM('P102'!$Q40:$S40)) -> 3 | Q40: 1.5 | R40: 1.5 | S40: 3.6 | T40: =IF(Q40<1.79,SUM(Q40:R40), SUM('P102'!$Q40:$S40)) -> 3 | U40: =('P102'!$L40+'P102'!$P40+'P102'!$T40)*'P102'!$F40 -> 4.25 | V40: 3.65 | W40: 3.5 | X40: =SUM('P102'!$V40:$W40)*'P102'!$G40 -> 9.1226462 | Y40: 2 | Z40: 3 | AA40: 1.25 | AB40: =IF(SUM('P102'!$Y40:$AA40)>5.9,"SI","NO") -> SI | AC40: =SUM('P102'!$Y40:$AA40) -> 6.25 | AD40: 1 | AE40: 1 | AF40: =IF('P102'!$AG40>5.9,"SI","NO") -> NO | AG40: =SUM('P102'!$AD40:$AE40) -> 2 | AH40: =IF('P102'!$AF40="NO",0," ") -> 0 | AI40: =IF('P102'!$AF40="NO",0," ") -> 0 | AJ40: =AVERAGE('P102'!$AH40:$AI40)*'P102'!$H40 -> 0 | AK40: 0 | AL40: 0 | AM40: 0 | AN40: =(1*('P102'!$AL40+'P102'!$AM40))*'P102'!$AK40 -> 0 | AO40: 7.25 | AP40: =SUM('P102'!$U40) -> 4.25 | AQ40: =SUM(AN40,AJ40,AG40,AC40,X40,('P102'!$AO40)*H40) -> 20.997646 | AR40: ='P102'!$AP40+'P102'!$AQ40 -> 25.247646
A41: vieltorr@espol.edu.ec | B41: 202307021 | C41: TORRES TOALA VICTORIA ELIZABETH | D41: 3 | F41: 0 | G41: 0 | H41: 0 | I41: 0 | J41: 0 | K41: 0 | L41: =IF(I41<1.79,SUM(I41:J41), SUM('P102'!$Q41:$S41)) -> 0 | M41: 0 | N41: 0 | O41: 0 | P41: =IF(M41<1.79,SUM(M41:N41), SUM('P102'!$Q41:$S41)) -> 0 | Q41: 0 | R41: 0 | S41: 0 | T41: =IF(Q41<1.79,SUM(Q41:R41), SUM('P102'!$Q41:$S41)) -> 0 | U41: =('P102'!$L41+'P102'!$P41+'P102'!$T41)*'P102'!$F41 -> 0 | V41: 0 | W41: 0 | X41: =SUM('P102'!$V41:$W41)*'P102'!$G41 -> 0 | Y41: 0 | Z41: 0 | AA41: 0 | AB41: =IF(SUM('P102'!$Y41:$AA41)>5.9,"SI","NO") -> NO | AC41: =SUM('P102'!$Y41:$AA41) -> 0 | AD41: 0 | AE41: 0 | AF41: =IF('P102'!$AG41>5.9,"SI","NO") -> NO | AG41: =SUM('P102'!$AD41:$AE41) -> 0 | AH41: 0 | AI41: 0 | AJ41: =AVERAGE('P102'!$AH41:$AI41)*'P102'!$H41 -> 0 | AK41: 0 | AL41: 0 | AM41: 0 | AN41: =(1*('P102'!$AL41+'P102'!$AM41))*'P102'!$AK41 -> 0 | AO41: 0 | AP41: =SUM('P102'!$U41) -> 0 | AQ41: =SUM(AN41,AJ41,AG41,AC41,X41,('P102'!$AO41)*H41) -> 0 | AR41: ='P102'!$AP41+'P102'!$AQ41 -> 0
A42: ellvalle@espol.edu.ec | B42: 202505913 | C42: VALLEJO ARCE ELLEN JOHANNA | D42: 3 | F42: 1.1547005 | G42: 1.1547005 | H42: 1.1547005 | I42: 3 | J42: 1.25 | K42: 4.75 | L42: =IF(I42<1.79,SUM(I42:J42), SUM('P102'!$Q42:$S42)) -> 8.6 | M42: 3 | N42: 2 | O42: 3.6 | P42: =IF(M42<1.79,SUM(M42:N42), SUM('P102'!$Q42:$S42)) -> 8.6 | Q42: 3 | R42: 2 | S42: 3.6 | T42: =IF(Q42<1.79,SUM(Q42:R42), SUM('P102'!$Q42:$S42)) -> 8.6 | U42: =('P102'!$L42+'P102'!$P42+'P102'!$T42)*'P102'!$F42 -> 29.791274 | V42: 4.15 | W42: 8.1 | X42: =SUM('P102'!$V42:$W42)*'P102'!$G42 -> 14.145082 | Y42: 1.5 | Z42: 1.5 | AA42: 3.75 | AB42: =IF(SUM('P102'!$Y42:$AA42)>5.9,"SI","NO") -> SI | AC42: =SUM('P102'!$Y42:$AA42) -> 6.75 | AD42: 1 | AE42: 6 | AF42: =IF('P102'!$AG42>5.9,"SI","NO") -> SI | AG42: =SUM('P102'!$AD42:$AE42) -> 7 | AH42: 4 | AI42: 3.5 | AJ42: =AVERAGE('P102'!$AH42:$AI42)*'P102'!$H42 -> 4.330127 | AK42: 1 | AL42: 9.5 | AM42: 8.5 | AN42: =(1*('P102'!$AL42+'P102'!$AM42))*'P102'!$AK42 -> 18 | AO42: 9.25 | AP42: =SUM('P102'!$U42) -> 29.791274 | AQ42: =SUM(AN42,AJ42,AG42,AC42,X42,('P102'!$AO42)*H42) -> 60.906189 | AR42: ='P102'!$AP42+'P102'!$AQ42 -> 90.697462
A43: angvvill@espol.edu.ec | B43: 201600095 | C43: VILLAMAR CEDEÑO ANGELO VICTOR | D43: 8 | F43: 0 | G43: 0 | H43: 0 | I43: 0 | J43: 0 | K43: 0 | L43: =IF(I43<1.79,SUM(I43:J43), SUM('P102'!$Q43:$S43)) -> 0 | M43: 0 | N43: 0 | O43: 0 | P43: =IF(M43<1.79,SUM(M43:N43), SUM('P102'!$Q43:$S43)) -> 0 | Q43: 0 | R43: 0 | S43: 0 | T43: =IF(Q43<1.79,SUM(Q43:R43), SUM('P102'!$Q43:$S43)) -> 0 | U43: =('P102'!$L43+'P102'!$P43+'P102'!$T43)*'P102'!$F43 -> 0 | V43: 0 | W43: 0 | X43: =SUM('P102'!$V43:$W43)*'P102'!$G43 -> 0 | Y43: 0 | Z43: 0 | AA43: 0 | AB43: =IF(SUM('P102'!$Y43:$AA43)>5.9,"SI","NO") -> NO | AC43: =SUM('P102'!$Y43:$AA43) -> 0 | AD43: 0 | AE43: 0 | AF43: =IF('P102'!$AG43>5.9,"SI","NO") -> NO | AG43: =SUM('P102'!$AD43:$AE43) -> 0 | AH43: =IF('P102'!$AF43="NO",0," ") -> 0 | AI43: =IF('P102'!$AF43="NO",0," ") -> 0 | AJ43: =AVERAGE('P102'!$AH43:$AI43)*'P102'!$H43 -> 0 | AK43: 0 | AL43: 0 | AM43: 0 | AN43: =(1*('P102'!$AL43+'P102'!$AM43))*'P102'!$AK43 -> 0 | AO43: 0 | AP43: =SUM('P102'!$U43) -> 0 | AQ43: =SUM(AN43,AJ43,AG43,AC43,X43,('P102'!$AO43)*H43) -> 0 | AR43: ='P102'!$AP43+'P102'!$AQ43 -> 0
A44: adyancha@espol.edu.ec | B44: 202401568 | C44: YANCHA BASTIDAS ADRIANA NAOMI | D44: 3 | F44: 1.1547005 | G44: 1.1547005 | H44: 0.5 | I44: 3 | J44: 1.25 | K44: 4.75 | L44: =IF(I44<1.79,SUM(I44:J44), SUM('P102'!$Q44:$S44)) -> 8.6 | M44: 3 | N44: 2 | O44: 3.6 | P44: =IF(M44<1.79,SUM(M44:N44), SUM('P102'!$Q44:$S44)) -> 8.6 | Q44: 3 | R44: 2 | S44: 3.6 | T44: =IF(Q44<1.79,SUM(Q44:R44), SUM('P102'!$Q44:$S44)) -> 8.6 | U44: =('P102'!$L44+'P102'!$P44+'P102'!$T44)*'P102'!$F44 -> 29.791274 | V44: 4.15 | W44: 8.1 | X44: =SUM('P102'!$V44:$W44)*'P102'!$G44 -> 14.145082 | Y44: 2 | Z44: 0 | AA44: 1.25 | AB44: =IF(SUM('P102'!$Y44:$AA44)>5.9,"SI","NO") -> NO | AC44: =SUM('P102'!$Y44:$AA44) -> 3.25 | AD44: 1 | AE44: 6 | AF44: =IF('P102'!$AG44>5.9,"SI","NO") -> SI | AG44: =SUM('P102'!$AD44:$AE44) -> 7 | AH44: 4 | AI44: 3.5 | AJ44: =AVERAGE('P102'!$AH44:$AI44)*'P102'!$H44 -> 1.875 | AK44: 0 | AL44: 0 | AM44: 0 | AN44: =(1*('P102'!$AL44+'P102'!$AM44))*'P102'!$AK44 -> 0 | AO44: 9.25 | AP44: =SUM('P102'!$U44) -> 29.791274 | AQ44: =SUM(AN44,AJ44,AG44,AC44,X44,('P102'!$AO44)*H44) -> 30.895082 | AR44: ='P102'!$AP44+'P102'!$AQ44 -> 60.686355
A45: adrizuna@espol.edu.ec | B45: 202412037 | C45: ZUÑA ACOSTA ADRIEL GEOVANNY | D45: 2 | F45: 1.118034 | G45: 1.1812488 | H45: 1.206777 | I45: 2.25 | J45: 1 | K45: 3.25 | L45: =IF(I45<1.79,SUM(I45:J45), SUM('P102'!$Q45:$S45)) -> 7.35 | M45: 2.25 | N45: 1.5 | O45: 3.6 | P45: =IF(M45<1.79,SUM(M45:N45), SUM('P102'!$Q45:$S45)) -> 7.35 | Q45: 2.25 | R45: 1.5 | S45: 3.6 | T45: =IF(Q45<1.79,SUM(Q45:R45), SUM('P102'!$Q45:$S45)) -> 7.35 | U45: =('P102'!$L45+'P102'!$P45+'P102'!$T45)*'P102'!$F45 -> 24.652649 | V45: 3.65 | W45: 3.5 | X45: =SUM('P102'!$V45:$W45)*'P102'!$G45 -> 8.4459292 | Y45: 1.5 | Z45: 3 | AA45: 0 | AB45: =IF(SUM('P102'!$Y45:$AA45)>5.9,"SI","NO") -> NO | AC45: =SUM('P102'!$Y45:$AA45) -> 4.5 | AD45: 1 | AE45: 1 | AF45: =IF('P102'!$AG45>5.9,"SI","NO") -> NO | AG45: =SUM('P102'!$AD45:$AE45) -> 2 | AH45: =IF('P102'!$AF45="NO",0," ") -> 0 | AI45: =IF('P102'!$AF45="NO",0," ") -> 0 | AJ45: =AVERAGE('P102'!$AH45:$AI45)*'P102'!$H45 -> 0 | AK45: 0 | AL45: 0 | AM45: 0 | AN45: =(1*('P102'!$AL45+'P102'!$AM45))*'P102'!$AK45 -> 0 | AO45: 7.25 | AP45: =SUM('P102'!$U45) -> 24.652649 | AQ45: =SUM(AN45,AJ45,AG45,AC45,X45,('P102'!$AO45)*H45) -> 23.695062 | AR45: ='P102'!$AP45+'P102'!$AQ45 -> 48.347712
AR47: =AVERAGE(AR4:AR45) -> 36.915519

Sheet P103
D1: P103 | F1: Coevaluaciones | I1: Actividades Práctico-Experimental (APE) (30%) | V1: AVANCES (15%) | Y1: VALIDACION INDIVIDUAL (10%) | AD1: VALIDACION DE PROTOTIPO (10%) | AH1: PROTOTIPO (5%) | AK1: EXPOSICION Y DEFENSA (20%) | AO1: REPORTE (10%) | AP1: TOTAL (100%)
A2: Correo | B2: Número de Matrícula | C2: Apellidos y Nombres | D2: Grupo | E2: Vez | F2: WF1 (APE) | G2: WF2 (AVANCE) | H2: WF3 (Reporte) | I2: CL1 | J2: HT1 | K2: RPAPE1 | L2: APE1 | M2: CL2 | N2: HT2 | O2: RPAPE2 | P2: APE2 | Q2: CL3 | R2: HT3 | S2: RPAPE3 | T2: APE3 | U2: APE_total | V2: AV1 | W2: AV2 | X2: AV_total | Y2: VI1 | Z2: VI2 | AA2: VI3 | AB2: VI_STATUS | AC2: VI_TOTAL | AD2: VP1 | AE2: VP2 | AF2: VP_STATUS | AG2: VP_TOTAL | AH2: EV1_P | AI2: EV2_P | AJ2: PROT_TOTAL | AK2: POSTER | AL2: JUR_1 | AM2: JUR_2 | AN2: EXP_TOTAL | AO2: REPORTE | AP2: EXP | AQ2: PROY | AR2: AL ACADEMICO
A3: correo prueba | B3: matrícula prueba | C3: Estudiante de Prueba | D3: 0 | E3: 1 | F3: 1 | G3: 1 | H3: 1 | I3: 3 | J3: 2 | K3: 5 | L3: =SUM('P103'!$I3:$K3) -> 10 | M3: 3 | N3: 2 | O3: 5 | P3: =SUM('P103'!$M3:$O3) -> 10 | Q3: 3 | R3: 2 | S3: 5 | T3: =SUM('P103'!$Q3:$S3) -> 10 | U3: =('P103'!$L3+'P103'!$P3+'P103'!$T3)*'P103'!$F3 -> 30 | V3: 5 | W3: 10 | X3: =SUM('P103'!$V3:$W3)*'P103'!$G3 -> 15 | Y3: 2 | Z3: 3 | AA3: 5 | AB3: =IF(SUM('P103'!$Y3:$AA3)>5.9,"SI","NO") -> SI | AC3: =SUM('P103'!$Y3:$AA3) -> 10 | AD3: 2 | AE3: 8 | AF3: =IF('P103'!$AG3>5.9,"SI","NO") -> SI | AG3: =SUM('P103'!$AD3:$AE3) -> 10 | AH3: 5 | AI3: 5 | AJ3: =AVERAGE('P103'!$AH3:$AI3)*'P103'!$H3 -> 5 | AK3: 1 | AL3: 10 | AM3: 10 | AN3: =(('P103'!$AL3+'P103'!$AM3))*'P103'!$AK3 -> 20 | AO3: 10 | AP3: =SUM('P103'!$U3) -> 30 | AQ3: =SUM(AN3,AJ3,AG3,AC3,X3,'P103'!$AO3) -> 70 | AR3: ='P103'!$AP3+'P103'!$AQ3 -> 100
A4: agacwash@espol.edu.ec | B4: 202309290 | C4: ACOSTA WASHBRUM AGUSTIN LEONIDAS | D4: 3 | F4: 0 | G4: 0 | H4: 0 | I4: 0 | J4: 2 | K4: 0 | L4: =IF(I4<1.79,SUM(I4:J4), SUM('P103'!$Q4:$S4)) -> 2 | M4: 0 | N4: 0 | O4: 0 | P4: =SUM('P103'!$M4:$O4) -> 0 | Q4: 0 | R4: 0 | S4: 0 | T4: =IF(Q4<1.79,SUM(Q4:R4), SUM('P103'!$Q4:$S4)) -> 0 | U4: =('P103'!$L4+'P103'!$P4+'P103'!$T4)*'P103'!$F4 -> 0 | V4: 2.6 | W4: 5.6 | X4: =SUM('P103'!$V4:$W4)*'P103'!$G4 -> 0 | Y4: 1.5 | Z4: 0 | AA4: 0 | AB4: =IF(SUM('P103'!$Y4:$AA4)>5.9,"SI","NO") -> NO | AC4: =SUM('P103'!$Y4:$AA4) -> 1.5 | AD4: 0.5 | AE4: 2 | AF4: =IF('P103'!$AG4>5.9,"SI","NO") -> NO | AG4: =SUM('P103'!$AD4:$AE4) -> 2.5 | AH4: =IF('P103'!$AF4="NO",0," ") -> 0 | AI4: =IF('P103'!$AF4="NO",0," ") -> 0 | AJ4: =AVERAGE('P103'!$AH4:$AI4)*'P103'!$H4 -> 0 | AK4: 0 | AL4: 0 | AN4: =(1*('P103'!$AL4+'P103'!$AM4))*'P103'!$AK4 -> 0 | AO4: =6.5*H4 -> 0 | AP4: =SUM('P103'!$U4) -> 0 | AQ4: =SUM(AN4,AJ4,AG4,AC4,X4,('P103'!$AO4)*H4) -> 4 | AR4: ='P103'!$AP4+'P103'!$AQ4 -> 4
A5: davipadi@espol.edu.ec | B5: 202500203 | C5: ALBAN PADILLA DAVID JOSUE | D5: 8 | F5: 1.046 | G5: 1.05 | H5: 1.033 | I5: 1.5 | J5: 2 | K5: 3.35 | L5: =IF(I5<1.79,SUM(I5:J5), SUM('P103'!$Q5:$S5)) -> 3.5 | M5: 1.5 | N5: 2 | O5: 2.9 | P5: =IF(M5<1.79,SUM(M5:N5), SUM('P103'!$Q5:$S5)) -> 3.5 | Q5: 1.5 | R5: 2 | S5: 2.9 | T5: =IF(Q5<1.79,SUM(Q5:R5), SUM('P103'!$Q5:$S5)) -> 3.5 | U5: =('P103'!$L5+'P103'!$P5+'P103'!$T5)*'P103'!$F5 -> 10.983 | V5: 2.95 | W5: 6.4 | X5: =SUM('P103'!$V5:$W5)*'P103'!$G5 -> 9.8175 | Y5: 2 | Z5: 1.5 | AA5: 3.75 | AB5: =IF(SUM('P103'!$Y5:$AA5)>5.9,"SI","NO") -> SI | AC5: =SUM('P103'!$Y5:$AA5) -> 7.25 | AD5: 0.5 | AE5: 5.5 | AF5: =IF('P103'!$AG5>5.9,"SI","NO") -> SI | AG5: =SUM('P103'!$AD5:$AE5) -> 6 | AH5: 4 | AI5: 4.3 | AJ5: =AVERAGE('P103'!$AH5:$AI5)*'P103'!$H5 -> 4.28695 | AK5: 1 | AL5: 3.5 | AM5: 6 | AN5: =(1*('P103'!$AL5+'P103'!$AM5))*'P103'!$AK5 -> 9.5 | AO5: =7.25 -> 7.25 | AP5: =SUM('P103'!$U5) -> 10.983 | AQ5: =SUM(AN5,AJ5,AG5,AC5,X5,('P103'!$AO5)*H5) -> 44.3437 | AR5: ='P103'!$AP5+'P103'!$AQ5 -> 55.3267
A6: jjalciva@espol.edu.ec | B6: 202316840 | C6: ALCIVAR CORNEJO JOSHUA JANANIEL | D6: 10 | F6: 0.5 | G6: 0 | H6: 0 | I6: 2.25 | J6: 2 | K6: 0 | L6: =IF(I6<1.79,SUM(I6:J6), SUM('P103'!$Q6:$S6)) -> 0 | M6: 0 | N6: 0 | O6: 0 | P6: =IF(M6<1.79,SUM(M6:N6), SUM('P103'!$Q6:$S6)) -> 0 | Q6: 0 | R6: 0 | S6: 0 | T6: =IF(Q6<1.79,SUM(Q6:R6), SUM('P103'!$Q6:$S6)) -> 0 | U6: =('P103'!$L6+'P103'!$P6+'P103'!$T6)*'P103'!$F6 -> 0 | V6: 0.75 | W6: 0 | X6: =SUM('P103'!$V6:$W6)*'P103'!$G6 -> 0 | Y6: 1 | Z6: 0 | AA6: 0 | AB6: =IF(SUM('P103'!$Y6:$AA6)>5.9,"SI","NO") -> NO | AC6: =SUM('P103'!$Y6:$AA6) -> 1 | AD6: 0.5 | AE6: 2 | AF6: =IF('P103'!$AG6>5.9,"SI","NO") -> NO | AG6: =SUM('P103'!$AD6:$AE6) -> 2.5 | AH6: =IF('P103'!$AF6="NO",0," ") -> 0 | AI6: =IF('P103'!$AF6="NO",0," ") -> 0 | AJ6: =AVERAGE('P103'!$AH6:$AI6)*'P103'!$H6 -> 0 | AK6: 0 | AL6: 0 | AM6: 0 | AN6: =(1*('P103'!$AL6+'P103'!$AM6))*'P103'!$AK6 -> 0 | AO6: 0 | AP6: =SUM('P103'!$U6) -> 0 | AQ6: =SUM(AN6,AJ6,AG6,AC6,X6,('P103'!$AO6)*H6) -> 3.5 | AR6: ='P103'!$AP6+'P103'!$AQ6 -> 3.5
A7: daarteag@espol.edu.ec | B7: 202414744 | C7: ARTEAGA PLAZA DANIEL ALEJANDRO | D7: 10 | F7: 1.935 | G7: 1.947 | H7: 1 | I7: 1.5 | J7: 2 | K7: 3.75 | L7: =IF(I7<1.79,SUM(I7:J7), SUM('P103'!$Q7:$S7)) -> 3.5 | M7: 1.5 | N7: 2 | O7: 0 | P7: =IF(M7<1.79,SUM(M7:N7), SUM('P103'!$Q7:$S7)) -> 3.5 | Q7: 1.5 | R7: 2 | S7: 0 | T7: =IF(Q7<1.79,SUM(Q7:R7), SUM('P103'!$Q7:$S7)) -> 3.5 | U7: =('P103'!$L7+'P103'!$P7+'P103'!$T7)*'P103'!$F7 -> 20.3175 | V7: 0.75 | W7: 0 | X7: =SUM('P103'!$V7:$W7)*'P103'!$G7 -> 1.46025 | Y7: 1 | Z7: 3 | AA7: 0 | AB7: =IF(SUM('P103'!$Y7:$AA7)>5.9,"SI","NO") -> NO | AC7: =SUM('P103'!$Y7:$AA7) -> 4 | AD7: 0.5 | AE7: 2 | AF7: =IF('P103'!$AG7>5.9,"SI","NO") -> NO | AG7: =SUM('P103'!$AD7:$AE7) -> 2.5 | AH7: =IF('P103'!$AF7="NO",0," ") -> 0 | AI7: =IF('P103'!$AF7="NO",0," ") -> 0 | AJ7: =AVERAGE('P103'!$AH7:$AI7)*'P103'!$H7 -> 0 | AK7: 0 | AL7: 0 | AM7: 0 | AN7: =(1*('P103'!$AL7+'P103'!$AM7))*'P103'!$AK7 -> 0 | AO7: 5 | AP7: =SUM('P103'!$U7) -> 20.3175 | AQ7: =SUM(AN7,AJ7,AG7,AC7,X7,('P103'!$AO7)*H7) -> 12.96025 | AR7: ='P103'!$AP7+'P103'!$AQ7 -> 33.27775
A8: melmaast@espol.edu.ec | B8: 202215679 | C8: ASTUDILLO JIMBO MELANYA MADELEINE | D8: 1 | F8: 1.136 | G8: 1.102 | H8: 1.115 | I8: 2.25 | J8: 2 | K8: 4 | L8: =IF(I8<1.79,SUM(I8:J8), SUM('P103'!$Q8:$S8)) -> 7.2 | M8: 0.75 | N8: 2 | O8: 4.45 | P8: =IF(M8<1.79,SUM(M8:N8), SUM('P103'!$Q8:$S8)) -> 2.75 | Q8: 0.75 | R8: 2 | S8: 4.45 | T8: =IF(Q8<1.79,SUM(Q8:R8), SUM('P103'!$Q8:$S8)) -> 2.75 | U8: =('P103'!$L8+'P103'!$P8+'P103'!$T8)*'P103'!$F8 -> 14.4272 | V8: 2.9 | W8: 7.1 | X8: =SUM('P103'!$V8:$W8)*'P103'!$G8 -> 11.02 | Y8: 0.5 | Z8: 0 | AA8: 0 | AB8: =IF(SUM('P103'!$Y8:$AA8)>5.9,"SI","NO") -> NO | AC8: =SUM('P103'!$Y8:$AA8) -> 0.5 | AD8: 0.5 | AE8: 4 | AF8: =IF('P103'!$AG8>5.9,"SI","NO") -> NO | AG8: =SUM('P103'!$AD8:$AE8) -> 4.5 | AH8: =IF('P103'!$AF8="NO",0," ") -> 0 | AI8: =IF('P103'!$AF8="NO",0," ") -> 0 | AJ8: =AVERAGE('P103'!$AH8:$AI8)*'P103'!$H8 -> 0 | AK8: 0 | AL8: 0 | AM8: 0 | AN8: =(1*('P103'!$AL8+'P103'!$AM8))*'P103'!$AK8 -> 0 | AO8: 6.5 | AP8: =SUM('P103'!$U8) -> 14.4272 | AQ8: =SUM(AN8,AJ8,AG8,AC8,X8,('P103'!$AO8)*H8) -> 23.2675 | AR8: ='P103'!$AP8+'P103'!$AQ8 -> 37.6947
A9: allaborb@espol.edu.ec | B9: 202509303 | C9: BORBOR BAQUERIZO ALLAN JOE | D9: 5 | F9: 1.399 | G9: 1.414 | H9: 1.333 | I9: 2.25 | J9: 2 | K9: 3 | L9: =IF(I9<1.79,SUM(I9:J9), SUM('P103'!$Q9:$S9)) -> 3.88 | M9: 1.88 | N9: 2 | O9: 0 | P9: =IF(M9<1.79,SUM(M9:N9), SUM('P103'!$Q9:$S9)) -> 3.88 | Q9: 1.88 | R9: 2 | S9: 0 | T9: =IF(Q9<1.79,SUM(Q9:R9), SUM('P103'!$Q9:$S9)) -> 3.88 | U9: =('P103'!$L9+'P103'!$P9+'P103'!$T9)*'P103'!$F9 -> 16.28436 | V9: 3.8 | W9: 8.1 | X9: =SUM('P103'!$V9:$W9)*'P103'!$G9 -> 16.8266 | Y9: 1.5 | Z9: 1.5 | AA9: 0 | AB9: =IF(SUM('P103'!$Y9:$AA9)>5.9,"SI","NO") -> NO | AC9: =SUM('P103'!$Y9:$AA9) -> 3 | AD9: 0.5 | AE9: 4.5 | AF9: =IF('P103'!$AG9>5.9,"SI","NO") -> NO | AG9: =SUM('P103'!$AD9:$AE9) -> 5 | AH9: =IF('P103'!$AF9="NO",0," ") -> 0 | AI9: =IF('P103'!$AF9="NO",0," ") -> 0 | AJ9: =AVERAGE('P103'!$AH9:$AI9)*'P103'!$H9 -> 0 | AK9: 0 | AL9: 0 | AM9: 0 | AN9: =(1*('P103'!$AL9+'P103'!$AM9))*'P103'!$AK9 -> 0 | AO9: 6.5 | AP9: =SUM('P103'!$U9) -> 16.28436 | AQ9: =SUM(AN9,AJ9,AG9,AC9,X9,('P103'!$AO9)*H9) -> 33.4911 | AR9: ='P103'!$AP9+'P103'!$AQ9 -> 49.77546
A10: bocastro@espol.edu.ec | B10: 202404968 | C10: CASTRO MANOSALVAS BORIS JAVIER | D10: 5 | F10: 1.459 | G10: 1.451 | H10: 1.491 | I10: 2.25 | J10: 2 | K10: 3 | L10: =IF(I10<1.79,SUM(I10:J10), SUM('P103'!$Q10:$S10)) -> 7.45 | M10: 2.25 | N10: 2 | O10: 3.2 | P10: =IF(M10<1.79,SUM(M10:N10), SUM('P103'!$Q10:$S10)) -> 7.45 | Q10: 2.25 | R10: 2 | S10: 3.2 | T10: =IF(Q10<1.79,SUM(Q10:R10), SUM('P103'!$Q10:$S10)) -> 7.45 | U10: =('P103'!$L10+'P103'!$P10+'P103'!$T10)*'P103'!$F10 -> 32.60865 | V10: 3.8 | W10: 8.1 | X10: =SUM('P103'!$V10:$W10)*'P103'!$G10 -> 17.2669 | Y10: 2 | Z10: 3 | AA10: 3.75 | AB10: =IF(SUM('P103'!$Y10:$AA10)>5.9,"SI","NO") -> SI | AC10: =SUM('P103'!$Y10:$AA10) -> 8.75 | AD10: 0.5 | AE10: 4.5 | AF10: =IF('P103'!$AG10>5.9,"SI","NO") -> NO | AG10: =SUM('P103'!$AD10:$AE10) -> 5 | AH10: =IF('P103'!$AF10="NO",0," ") -> 0 | AI10: =IF('P103'!$AF10="NO",0," ") -> 0 | AJ10: =AVERAGE('P103'!$AH10:$AI10)*'P103'!$H10 -> 0 | AK10: 0 | AL10: 0 | AM10: 0 | AN10: =(1*('P103'!$AL10+'P103'!$AM10))*'P103'!$AK10 -> 0 | AO10: 6.5 | AP10: =SUM('P103'!$U10) -> 32.60865 | AQ10: =SUM(AN10,AJ10,AG10,AC10,X10,('P103'!$AO10)*H10) -> 40.7084 | AR10: ='P103'!$AP10+'P103'!$AQ10 -> 73.31705
A11: jhonmero@espol.edu.ec | B11: 202510459 | C11: CHAVEZ MERO JHON MICHAEL | D11: 3 | F11: 0 | G11: 0 | H11: 0 | I11: 3 | J11: 2 | K11: 0 | L11: =IF(I11<1.79,SUM(I11:J11), SUM('P103'!$Q11:$S11)) -> 0 | M11: 0 | N11: 0 | O11: 0 | P11: =IF(M11<1.79,SUM(M11:N11), SUM('P103'!$Q11:$S11)) -> 0 | Q11: 0 | R11: 0 | S11: 0 | T11: =IF(Q11<1.79,SUM(Q11:R11), SUM('P103'!$Q11:$S11)) -> 0 | U11: =('P103'!$L11+'P103'!$P11+'P103'!$T11)*'P103'!$F11 -> 0 | V11: 2.6 | W11: 5.6 | X11: =SUM('P103'!$V11:$W11)*'P103'!$G11 -> 0 | Y11: 1 | Z11: 0 | AA11: 0 | AB11: =IF(SUM('P103'!$Y11:$AA11)>5.9,"SI","NO") -> NO | AC11: =SUM('P103'!$Y11:$AA11) -> 1 | AD11: 0.5 | AE11: 2 | AF11: =IF('P103'!$AG11>5.9,"SI","NO") -> NO | AG11: =SUM('P103'!$AD11:$AE11) -> 2.5 | AH11: =IF('P103'!$AF11="NO",0," ") -> 0 | AI11: =IF('P103'!$AF11="NO",0," ") -> 0 | AJ11: =AVERAGE('P103'!$AH11:$AI11)*'P103'!$H11 -> 0 | AK11: 0 | AL11: 0 | AM11: 0 | AN11: =(1*('P103'!$AL11+'P103'!$AM11))*'P103'!$AK11 -> 0 | AO11: 0 | AP11: =SUM('P103'!$U11) -> 0 | AQ11: =SUM(AN11,AJ11,AG11,AC11,X11,('P103'!$AO11)*H11) -> 3.5 | AR11: ='P103'!$AP11+'P103'!$AQ11 -> 3.5
A12: emichica@espol.edu.ec | B12: 202502175 | C12: CHICA HERNANDEZ EMILIO SEBASTIAN | D12: 1 | F12: 1.144 | G12: 0.5 | H12: 1.126 | I12: 1.5 | J12: 2 | K12: 4 | L12: =IF(I12<1.79,SUM(I12:J12), SUM('P103'!$Q12:$S12)) -> 3.5 | M12: 1.5 | N12: 2 | O12: 0 | P12: =IF(M12<1.79,SUM(M12:N12), SUM('P103'!$Q12:$S12)) -> 3.5 | Q12: 1.5 | R12: 2 | S12: 0 | T12: =IF(Q12<1.79,SUM(Q12:R12), SUM('P103'!$Q12:$S12)) -> 3.5 | U12: =('P103'!$L12+'P103'!$P12+'P103'!$T12)*'P103'!$F12 -> 12.012 | V12: 2.9 | W12: 7.1 | X12: =SUM('P103'!$V12:$W12)*'P103'!$G12 -> 5 | Y12: 1 | Z12: 1.5 | AA12: 0 | AB12: =IF(SUM('P103'!$Y12:$AA12)>5.9,"SI","NO") -> NO | AC12: =SUM('P103'!$Y12:$AA12) -> 2.5 | AD12: 0.5 | AE12: 4 | AF12: =IF('P103'!$AG12>5.9,"SI","NO") -> NO | AG12: =SUM('P103'!$AD12:$AE12) -> 4.5 | AH12: =IF('P103'!$AF12="NO",0," ") -> 0 | AI12: =IF('P103'!$AF12="NO",0," ") -> 0 | AJ12: =AVERAGE('P103'!$AH12:$AI12)*'P103'!$H12 -> 0 | AK12: 0 | AL12: 0 | AM12: 0 | AN12: =(1*('P103'!$AL12+'P103'!$AM12))*'P103'!$AK12 -> 0 | AO12: 6.5 | AP12: =SUM('P103'!$U12) -> 12.012 | AQ12: =SUM(AN12,AJ12,AG12,AC12,X12,('P103'!$AO12)*H12) -> 19.319 | AR12: ='P103'!$AP12+'P103'!$AQ12 -> 31.331
A13: anchuqui@espol.edu.ec | B13: 202411252 | C13: CHUQUIANA TAYUPANTA ANDREA DANIELA | D13: 9 | F13: 1.064 | G13: 1.104 | H13: 1.112 | I13: 3 | J13: 2 | K13: 3.95 | L13: =IF(I13<1.79,SUM(I13:J13), SUM('P103'!$Q13:$S13)) -> 7.85 | M13: 2.25 | N13: 2 | O13: 3.6 | P13: =IF(M13<1.79,SUM(M13:N13), SUM('P103'!$Q13:$S13)) -> 7.85 | Q13: 2.25 | R13: 2 | S13: 3.6 | T13: =IF(Q13<1.79,SUM(Q13:R13), SUM('P103'!$Q13:$S13)) -> 7.85 | U13: =('P103'!$L13+'P103'!$P13+'P103'!$T13)*'P103'!$F13 -> 25.0572 | V13: 4.7 | W13: 6.5 | X13: =SUM('P103'!$V13:$W13)*'P103'!$G13 -> 12.3648 | Y13: 1.5 | Z13: 3 | AA13: 0 | AB13: =IF(SUM('P103'!$Y13:$AA13)>5.9,"SI","NO") -> NO | AC13: =SUM('P103'!$Y13:$AA13) -> 4.5 | AD13: 0 | AE13: 2 | AF13: =IF('P103'!$AG13>5.9,"SI","NO") -> NO | AG13: =SUM('P103'!$AD13:$AE13) -> 2 | AH13: =IF('P103'!$AF13="NO",0," ") -> 0 | AI13: =IF('P103'!$AF13="NO",0," ") -> 0 | AJ13: =AVERAGE('P103'!$AH13:$AI13)*'P103'!$H13 -> 0 | AK13: 0 | AL13: 0 | AM13: 0 | AN13: =(1*('P103'!$AL13+'P103'!$AM13))*'P103'!$AK13 -> 0 | AO13: 6.75 | AP13: =SUM('P103'!$U13) -> 25.0572 | AQ13: =SUM(AN13,AJ13,AG13,AC13,X13,('P103'!$AO13)*H13) -> 26.3708 | AR13: ='P103'!$AP13+'P103'!$AQ13 -> 51.428
A14: joseclav@espol.edu.ec | B14: 202508867 | C14: CLAVIJO CELLERI JOSEPH ANDRE | D14: 10 | F14: 0.5 | G14: 0 | H14: 0 | I14: 2.25 | J14: 2 | K14: 0 | L14: =IF(I14<1.79,SUM(I14:J14), SUM('P103'!$Q14:$S14)) -> 0 | M14: 0 | N14: 0 | O14: 0 | P14: =IF(M14<1.79,SUM(M14:N14), SUM('P103'!$Q14:$S14)) -> 0 | Q14: 0 | R14: 0 | S14: 0 | T14: =IF(Q14<1.79,SUM(Q14:R14), SUM('P103'!$Q14:$S14)) -> 0 | U14: =('P103'!$L14+'P103'!$P14+'P103'!$T14)*'P103'!$F14 -> 0 | V14: 0.75 | W14: 0 | X14: =SUM('P103'!$V14:$W14)*'P103'!$G14 -> 0 | Y14: 0 | Z14: 0 | AA14: 0 | AB14: =IF(SUM('P103'!$Y14:$AA14)>5.9,"SI","NO") -> NO | AC14: =SUM('P103'!$Y14:$AA14) -> 0 | AD14: 0.5 | AE14: 2 | AF14: =IF('P103'!$AG14>5.9,"SI","NO") -> NO | AG14: =SUM('P103'!$AD14:$AE14) -> 2.5 | AH14: =IF('P103'!$AF14="NO",0," ") -> 0 | AI14: =IF('P103'!$AF14="NO",0," ") -> 0 | AJ14: =AVERAGE('P103'!$AH14:$AI14)*'P103'!$H14 -> 0 | AK14: 0 | AL14: 0 | AM14: 0 | AN14: =(1*('P103'!$AL14+'P103'!$AM14))*'P103'!$AK14 -> 0 | AO14: 0 | AP14: =SUM('P103'!$U14) -> 0 | AQ14: =SUM(AN14,AJ14,AG14,AC14,X14,('P103'!$AO14)*H14) -> 2.5 | AR14: ='P103'!$AP14+'P103'!$AQ14 -> 2.5
A15: mastcoel@espol.edu.ec | B15: 202100269 | C15: COELLO PEÑAFIEL MANUEL STEEVEN | D15: 5 | F15: 0 | G15: 0 | H15: 0 | I15: 1.5 | J15: 2 | K15: 3 | L15: =IF(I15<1.79,SUM(I15:J15), SUM('P103'!$Q15:$S15)) -> 3.5 | M15: 0 | N15: 0 | O15: 0 | P15: =IF(M15<1.79,SUM(M15:N15), SUM('P103'!$Q15:$S15)) -> 0 | Q15: 0 | R15: 0 | S15: 0 | T15: =IF(Q15<1.79,SUM(Q15:R15), SUM('P103'!$Q15:$S15)) -> 0 | U15: =('P103'!$L15+'P103'!$P15+'P103'!$T15)*'P103'!$F15 -> 0 | V15: 3.8 | W15: 0 | X15: =SUM('P103'!$V15:$W15)*'P103'!$G15 -> 0 | Y15: 1.5 | Z15: 0 | AA15: 0 | AB15: =IF(SUM('P103'!$Y15:$AA15)>5.9,"SI","NO") -> NO | AC15: =SUM('P103'!$Y15:$AA15) -> 1.5 | AD15: 0.5 | AE15: 4.5 | AF15: =IF('P103'!$AG15>5.9,"SI","NO") -> NO | AG15: =SUM('P103'!$AD15:$AE15) -> 5 | AH15: =IF('P103'!$AF15="NO",0," ") -> 0 | AI15: =IF('P103'!$AF15="NO",0," ") -> 0 | AJ15: =AVERAGE('P103'!$AH15:$AI15)*'P103'!$H15 -> 0 | AK15: 0 | AL15: 0 | AM15: 0 | AN15: =(1*('P103'!$AL15+'P103'!$AM15))*'P103'!$AK15 -> 0 | AO15: 0 | AP15: =SUM('P103'!$U15) -> 0 | AQ15: =SUM(AN15,AJ15,AG15,AC15,X15,('P103'!$AO15)*H15) -> 6.5 | AR15: ='P103'!$AP15+'P103'!$AQ15 -> 6.5
A16: gcordovi@espol.edu.ec | B16: 202304986 | C16: CORDOVILLO RODRIGUEZ GABRIEL ALEXANDER | D16: 4 | F16: 1.015 | G16: 0.5 | H16: 1.062 | I16: 3 | J16: 2 | K16: 1.6 | L16: =IF(I16<1.79,SUM(I16:J16), SUM('P103'!$Q16:$S16)) -> 4.25 | M16: 2.25 | N16: 2 | O16: 0 | P16: =IF(M16<1.79,SUM(M16:N16), SUM('P103'!$Q16:$S16)) -> 4.25 | Q16: 2.25 | R16: 2 | S16: 0 | T16: =IF(Q16<1.79,SUM(Q16:R16), SUM('P103'!$Q16:$S16)) -> 4.25 | U16: =('P103'!$L16+'P103'!$P16+'P103'!$T16)*'P103'!$F16 -> 12.94125 | V16: 2.8 | W16: 0 | X16: =SUM('P103'!$V16:$W16)*'P103'!$G16 -> 1.4 | Y16: 1 | Z16: 0 | AA16: 3.75 | AB16: =IF(SUM('P103'!$Y16:$AA16)>5.9,"SI","NO") -> NO | AC16: =SUM('P103'!$Y16:$AA16) -> 4.75 | AD16: 0.5 | AE16: 1.5 | AF16: =IF('P103'!$AG16>5.9,"SI","NO") -> NO | AG16: =SUM('P103'!$AD16:$AE16) -> 2 | AH16: =IF('P103'!$AF16="NO",0," ") -> 0 | AI16: =IF('P103'!$AF16="NO",0," ") -> 0 | AJ16: =AVERAGE('P103'!$AH16:$AI16)*'P103'!$H16 -> 0 | AK16: 0 | AL16: 0 | AM16: 0 | AN16: =(1*('P103'!$AL16+'P103'!$AM16))*'P103'!$AK16 -> 0 | AO16: 0 | AP16: =SUM('P103'!$U16) -> 12.94125 | AQ16: =SUM(AN16,AJ16,AG16,AC16,X16,('P103'!$AO16)*H16) -> 8.15 | AR16: ='P103'!$AP16+'P103'!$AQ16 -> 21.09125
A17: nickcuri@espol.edu.ec | B17: 202509857 | C17: CURIMILMA PINTO NICKER ANTHONY | D17: 8 | F17: 1.052 | G17: 1.05 | H17: 1.033 | I17: 2.25 | J17: 2 | K17: 3.35 | L17: =IF(I17<1.79,SUM(I17:J17), SUM('P103'!$Q17:$S17)) -> 7.15 | M17: 2.25 | N17: 2 | O17: 2.9 | P17: =IF(M17<1.79,SUM(M17:N17), SUM('P103'!$Q17:$S17)) -> 7.15 | Q17: 2.25 | R17: 2 | S17: 2.9 | T17: =IF(Q17<1.79,SUM(Q17:R17), SUM('P103'!$Q17:$S17)) -> 7.15 | U17: =('P103'!$L17+'P103'!$P17+'P103'!$T17)*'P103'!$F17 -> 22.5654 | V17: 2.95 | W17: 6.4 | X17: =SUM('P103'!$V17:$W17)*'P103'!$G17 -> 9.8175 | Y17: 1.5 | Z17: 3 | AA17: 0 | AB17: =IF(SUM('P103'!$Y17:$AA17)>5.9,"SI","NO") -> NO | AC17: =SUM('P103'!$Y17:$AA17) -> 4.5 | AD17: 0.5 | AE17: 5.5 | AF17: =IF('P103'!$AG17>5.9,"SI","NO") -> SI | AG17: =SUM('P103'!$AD17:$AE17) -> 6 | AH17: 4 | AI17: 4.3 | AJ17: =AVERAGE('P103'!$AH17:$AI17)*'P103'!$H17 -> 4.28695 | AK17: 1 | AL17: 0 | AM17: 0 | AN17: =(1*('P103'!$AL17+'P103'!$AM17))*'P103'!$AK17 -> 0 | AO17: 7.25 | AP17: =SUM('P103'!$U17) -> 22.5654 | AQ17: =SUM(AN17,AJ17,AG17,AC17,X17,('P103'!$AO17)*H17) -> 32.0937 | AR17: ='P103'!$AP17+'P103'!$AQ17 -> 54.6591
A18: handrdel@espol.edu.ec | B18: 202510400 | C18: DEL ROSARIO TIGRERO HANDRY PAUL | D18: 2 | F18: 1.068 | G18: 0.998 | H18: 0.5 | I18: 1.5 | J18: 2 | K18: 4 | L18: =IF(I18<1.79,SUM(I18:J18), SUM('P103'!$Q18:$S18)) -> 3.5 | M18: 2.25 | N18: 2 | O18: 0 | P18: =IF(M18<1.79,SUM(M18:N18), SUM('P103'!$Q18:$S18)) -> 4.25 | Q18: 2.25 | R18: 2 | S18: 0 | T18: =IF(Q18<1.79,SUM(Q18:R18), SUM('P103'!$Q18:$S18)) -> 4.25 | U18: =('P103'!$L18+'P103'!$P18+'P103'!$T18)*'P103'!$F18 -> 12.816 | V18: 3.3 | W18: 6.9 | X18: =SUM('P103'!$V18:$W18)*'P103'!$G18 -> 10.1796 | Y18: 0.5 | Z18: 0 | AA18: 0 | AB18: =IF(SUM('P103'!$Y18:$AA18)>5.9,"SI","NO") -> NO | AC18: =SUM('P103'!$Y18:$AA18) -> 0.5 | AD18: 0.5 | AE18: 3.5 | AF18: =IF('P103'!$AG18>5.9,"SI","NO") -> NO | AG18: =SUM('P103'!$AD18:$AE18) -> 4 | AH18: =IF('P103'!$AF18="NO",0," ") -> 0 | AI18: =IF('P103'!$AF18="NO",0," ") -> 0 | AJ18: =AVERAGE('P103'!$AH18:$AI18)*'P103'!$H18 -> 0 | AK18: 0 | AL18: 0 | AM18: 0 | AN18: =(1*('P103'!$AL18+'P103'!$AM18))*'P103'!$AK18 -> 0 | AO18: 0 | AP18: =SUM('P103'!$U18) -> 12.816 | AQ18: =SUM(AN18,AJ18,AG18,AC18,X18,('P103'!$AO18)*H18) -> 14.6796 | AR18: ='P103'!$AP18+'P103'!$AQ18 -> 27.4956
A19: gafausto@espol.edu.ec | B19: 202401808 | C19: FAUSTOS IÑIGUEZ GAEL ALEJANDRO | D19: 10 | F19: 0 | G19: 0 | H19: 0 | I19: 2.25 | J19: 2 | K19: 0 | L19: =IF(I19<1.79,SUM(I19:J19), SUM('P103'!$Q19:$S19)) -> 0 | M19: 0 | N19: 0 | O19: 0 | P19: =IF(M19<1.79,SUM(M19:N19), SUM('P103'!$Q19:$S19)) -> 0 | Q19: 0 | R19: 0 | S19: 0 | T19: =IF(Q19<1.79,SUM(Q19:R19), SUM('P103'!$Q19:$S19)) -> 0 | U19: =('P103'!$L19+'P103'!$P19+'P103'!$T19)*'P103'!$F19 -> 0 | V19: 0.75 | W19: 0 | X19: =SUM('P103'!$V19:$W19)*'P103'!$G19 -> 0 | Y19: 1 | Z19: 0 | AA19: 0 | AB19: =IF(SUM('P103'!$Y19:$AA19)>5.9,"SI","NO") -> NO | AC19: =SUM('P103'!$Y19:$AA19) -> 1 | AD19: 0.5 | AE19: 2 | AF19: =IF('P103'!$AG19>5.9,"SI","NO") -> NO | AG19: =SUM('P103'!$AD19:$AE19) -> 2.5 | AH19: =IF('P103'!$AF19="NO",0," ") -> 0 | AI19: =IF('P103'!$AF19="NO",0," ") -> 0 | AJ19: =AVERAGE('P103'!$AH19:$AI19)*'P103'!$H19 -> 0 | AK19: 0 | AL19: 0 | AM19: 0 | AN19: =(1*('P103'!$AL19+'P103'!$AM19))*'P103'!$AK19 -> 0 | AO19: 0 | AP19: =SUM('P103'!$U19) -> 0 | AQ19: =SUM(AN19,AJ19,AG19,AC19,X19,('P103'!$AO19)*H19) -> 3.5 | AR19: ='P103'!$AP19+'P103'!$AQ19 -> 3.5
A20: edgaibor@espol.edu.ec | B20: 202509774 | C20: GAIBOR MENDOZA EDISON JOSUE | D20: 6 | F20: 1.017 | G20: 0.994 | H20: 1.021 | I20: 3 | J20: 2 | K20: 4.05 | L20: =IF(I20<1.79,SUM(I20:J20), SUM('P103'!$Q20:$S20)) -> 7.98 | M20: 1.88 | N20: 2 | O20: 4.1 | P20: =IF(M20<1.79,SUM(M20:N20), SUM('P103'!$Q20:$S20)) -> 7.98 | Q20: 1.88 | R20: 2 | S20: 4.1 | T20: =IF(Q20<1.79,SUM(Q20:R20), SUM('P103'!$Q20:$S20)) -> 7.98 | U20: =('P103'!$L20+'P103'!$P20+'P103'!$T20)*'P103'!$F20 -> 24.34698 | V20: 4.3 | W20: 7.1 | X20: =SUM('P103'!$V20:$W20)*'P103'!$G20 -> 11.3316 | Y20: 2 | Z20: 3 | AA20: 2.5 | AB20: =IF(SUM('P103'!$Y20:$AA20)>5.9,"SI","NO") -> SI | AC20: =SUM('P103'!$Y20:$AA20) -> 7.5 | AD20: 1 | AE20: 4.5 | AF20: =IF('P103'!$AG20>5.9,"SI","NO") -> NO | AG20: =SUM('P103'!$AD20:$AE20) -> 5.5 | AH20: 5 | AI20: 5 | AJ20: =AVERAGE('P103'!$AH20:$AI20)*'P103'!$H20 -> 5.105 | AK20: 1 | AL20: 6.5 | AM20: 6.5 | AN20: =(1*('P103'!$AL20+'P103'!$AM20))*'P103'!$AK20 -> 13 | AO20: 8 | AP20: =SUM('P103'!$U20) -> 24.34698 | AQ20: =SUM(AN20,AJ20,AG20,AC20,X20,('P103'!$AO20)*H20) -> 50.6046 | AR20: ='P103'!$AP20+'P103'!$AQ20 -> 74.95158
A21: fergalar@espol.edu.ec | B21: 202504965 | C21: GALARZA SOLIS FERNANDO DANIEL | D21: 1 | F21: 1.136 | G21: 1.147 | H21: 1.126 | I21: 3 | J21: 2 | K21: 4 | L21: =IF(I21<1.79,SUM(I21:J21), SUM('P103'!$Q21:$S21)) -> 8.7 | M21: 2.25 | N21: 2 | O21: 4.45 | P21: =IF(M21<1.79,SUM(M21:N21), SUM('P103'!$Q21:$S21)) -> 8.7 | Q21: 2.25 | R21: 2 | S21: 4.45 | T21: =IF(Q21<1.79,SUM(Q21:R21), SUM('P103'!$Q21:$S21)) -> 8.7 | U21: =('P103'!$L21+'P103'!$P21+'P103'!$T21)*'P103'!$F21 -> 29.6496 | V21: 2.9 | W21: 7.1 | X21: =SUM('P103'!$V21:$W21)*'P103'!$G21 -> 11.47 | Y21: 0.5 | Z21: 0 | AA21: 1.25 | AB21: =IF(SUM('P103'!$Y21:$AA21)>5.9,"SI","NO") -> NO | AC21: =SUM('P103'!$Y21:$AA21) -> 1.75 | AD21: 0.5 | AE21: 4 | AF21: =IF('P103'!$AG21>5.9,"SI","NO") -> NO | AG21: =SUM('P103'!$AD21:$AE21) -> 4.5 | AH21: =IF('P103'!$AF21="NO",0," ") -> 0 | AI21: =IF('P103'!$AF21="NO",0," ") -> 0 | AJ21: =AVERAGE('P103'!$AH21:$AI21)*'P103'!$H21 -> 0 | AK21: 0 | AL21: 0 | AM21: 0 | AN21: =(1*('P103'!$AL21+'P103'!$AM21))*'P103'!$AK21 -> 0 | AO21: 6.5 | AP21: =SUM('P103'!$U21) -> 29.6496 | AQ21: =SUM(AN21,AJ21,AG21,AC21,X21,('P103'!$AO21)*H21) -> 25.039 | AR21: ='P103'!$AP21+'P103'!$AQ21 -> 54.6886
A22: nicogavi@espol.edu.ec | B22: 202508834 | C22: GAVILANES RIVERA NICOLAS GABRIEL | D22: 3 | F22: 0.5 | G22: 1.159 | H22: 1.132 | I22: 3 | J22: 2 | K22: 2.9 | L22: =IF(I22<1.79,SUM(I22:J22), SUM('P103'!$Q22:$S22)) -> 6.65 | M22: 0.75 | N22: 2 | O22: 3.9 | P22: =IF(M22<1.79,SUM(M22:N22), SUM('P103'!$Q22:$S22)) -> 2.75 | Q22: 0.75 | R22: 2 | S22: 3.9 | T22: =IF(Q22<1.79,SUM(Q22:R22), SUM('P103'!$Q22:$S22)) -> 2.75 | U22: =('P103'!$L22+'P103'!$P22+'P103'!$T22)*'P103'!$F22 -> 6.075 | V22: 2.6 | W22: 5.6 | X22: =SUM('P103'!$V22:$W22)*'P103'!$G22 -> 9.5038 | Y22: 1.5 | Z22: 0 | AA22: 0 | AB22: =IF(SUM('P103'!$Y22:$AA22)>5.9,"SI","NO") -> NO | AC22: =SUM('P103'!$Y22:$AA22) -> 1.5 | AD22: 0.5 | AE22: 2 | AF22: =IF('P103'!$AG22>5.9,"SI","NO") -> NO | AG22: =SUM('P103'!$AD22:$AE22) -> 2.5 | AH22: =IF('P103'!$AF22="NO",0," ") -> 0 | AI22: =IF('P103'!$AF22="NO",0," ") -> 0 | AJ22: =AVERAGE('P103'!$AH22:$AI22)*'P103'!$H22 -> 0 | AK22: 0 | AL22: 0 | AM22: 0 | AN22: =(1*('P103'!$AL22+'P103'!$AM22))*'P103'!$AK22 -> 0 | AO22: 6.5 | AP22: =SUM('P103'!$U22) -> 6.075 | AQ22: =SUM(AN22,AJ22,AG22,AC22,X22,('P103'!$AO22)*H22) -> 20.8618 | AR22: ='P103'!$AP22+'P103'!$AQ22 -> 26.9368
A23: jimguzma@espol.edu.ec | B23: 202510137 | C23: GUZMAN ROSALES JIMMY ANDRES | D23: 7 | F23: 1.006 | G23: 1.04 | H23: 0.5 | I23: 0 | J23: 2 | K23: 2.3 | L23: =IF(I23<1.79,SUM(I23:J23), SUM('P103'!$Q23:$S23)) -> 2 | M23: 3 | N23: 2 | O23: 2.8 | P23: =IF(M23<1.79,SUM(M23:N23), SUM('P103'!$Q23:$S23)) -> 7.8 | Q23: 3 | R23: 2 | S23: 2.8 | T23: =IF(Q23<1.79,SUM(Q23:R23), SUM('P103'!$Q23:$S23)) -> 7.8 | U23: =('P103'!$L23+'P103'!$P23+'P103'!$T23)*'P103'!$F23 -> 17.7056 | V23: 4.8 | W23: 7.8 | X23: =SUM('P103'!$V23:$W23)*'P103'!$G23 -> 13.104 | Y23: 1 | Z23: 0 | AA23: 0 | AB23: =IF(SUM('P103'!$Y23:$AA23)>5.9,"SI","NO") -> NO | AC23: =SUM('P103'!$Y23:$AA23) -> 1 | AD23: 0.75 | AE23: 5.5 | AF23: =IF('P103'!$AG23>5.9,"SI","NO") -> SI | AG23: =SUM('P103'!$AD23:$AE23) -> 6.25 | AH23: 0 | AI23: 0 | AJ23: =AVERAGE('P103'!$AH23:$AI23)*'P103'!$H23 -> 0 | AK23: 0 | AL23: 0 | AM23: 0 | AN23: =(1*('P103'!$AL23+'P103'!$AM23))*'P103'!$AK23 -> 0 | AO23: 9 | AP23: =SUM('P103'!$U23) -> 17.7056 | AQ23: =SUM(AN23,AJ23,AG23,AC23,X23,('P103'!$AO23)*H23) -> 24.854 | AR23: ='P103'!$AP23+'P103'!$AQ23 -> 42.5596
A24: juanibar@espol.edu.ec | B24: 202509865 | C24: IBARRA GAIBOR JUAN ANGEL | D24: 4 | F24: 0.962 | G24: 0.5 | H24: 0.859 | I24: 2.25 | J24: 2 | K24: 2.5 | L24: =IF(I24<1.79,SUM(I24:J24), SUM('P103'!$Q24:$S24)) -> 8.3 | M24: 2.25 | N24: 2 | O24: 4.05 | P24: =IF(M24<1.79,SUM(M24:N24), SUM('P103'!$Q24:$S24)) -> 8.3 | Q24: 2.25 | R24: 2 | S24: 4.05 | T24: =IF(Q24<1.79,SUM(Q24:R24), SUM('P103'!$Q24:$S24)) -> 8.3 | U24: =('P103'!$L24+'P103'!$P24+'P103'!$T24)*'P103'!$F24 -> 23.9538 | V24: 2.8 | W24: 0 | X24: =SUM('P103'!$V24:$W24)*'P103'!$G24 -> 1.4 | Y24: 1.5 | Z24: 0 | AA24: 0 | AB24: =IF(SUM('P103'!$Y24:$AA24)>5.9,"SI","NO") -> NO | AC24: =SUM('P103'!$Y24:$AA24) -> 1.5 | AD24: 0.5 | AE24: 1.5 | AF24: =IF('P103'!$AG24>5.9,"SI","NO") -> NO | AG24: =SUM('P103'!$AD24:$AE24) -> 2 | AH24: =IF('P103'!$AF24="NO",0," ") -> 0 | AI24: =IF('P103'!$AF24="NO",0," ") -> 0 | AJ24: =AVERAGE('P103'!$AH24:$AI24)*'P103'!$H24 -> 0 | AK24: 0 | AL24: 0 | AM24: 0 | AN24: =(1*('P103'!$AL24+'P103'!$AM24))*'P103'!$AK24 -> 0 | AO24: 0 | AP24: =SUM('P103'!$U24) -> 23.9538 | AQ24: =SUM(AN24,AJ24,AG24,AC24,X24,('P103'!$AO24)*H24) -> 4.9 | AR24: ='P103'!$AP24+'P103'!$AQ24 -> 28.8538
A25: jhoesinf@espol.edu.ec | B25: 202111167 | C25: INFANTE CARVAJAL JHOSUE ESTEBAN | D25: 5 | F25: 0 | G25: 0 | H25: 0 | I25: 0 | J25: 0 | K25: 0 | L25: =IF(I25<1.79,SUM(I25:J25), SUM('P103'!$Q25:$S25)) -> 0 | M25: 0 | N25: 0 | O25: 0 | P25: =IF(M25<1.79,SUM(M25:N25), SUM('P103'!$Q25:$S25)) -> 0 | Q25: 0 | R25: 0 | S25: 0 | T25: =IF(Q25<1.79,SUM(Q25:R25), SUM('P103'!$Q25:$S25)) -> 0 | U25: =('P103'!$L25+'P103'!$P25+'P103'!$T25)*'P103'!$F25 -> 0 | V25: 0 | W25: 0 | X25: =SUM('P103'!$V25:$W25)*'P103'!$G25 -> 0 | Y25: 0 | Z25: 0 | AA25: 0 | AB25: =IF(SUM('P103'!$Y25:$AA25)>5.9,"SI","NO") -> NO | AC25: =SUM('P103'!$Y25:$AA25) -> 0 | AD25: 0.5 | AE25: 4.5 | AF25: =IF('P103'!$AG25>5.9,"SI","NO") -> NO | AG25: =SUM('P103'!$AD25:$AE25) -> 5 | AH25: =IF('P103'!$AF25="NO",0," ") -> 0 | AI25: =IF('P103'!$AF25="NO",0," ") -> 0 | AJ25: =AVERAGE('P103'!$AH25:$AI25)*'P103'!$H25 -> 0 | AK25: 0 | AL25: 0 | AM25: 0 | AN25: =(1*('P103'!$AL25+'P103'!$AM25))*'P103'!$AK25 -> 0 | AO25: 0 | AP25: =SUM('P103'!$U25) -> 0 | AQ25: =SUM(AN25,AJ25,AG25,AC25,X25,('P103'!$AO25)*H25) -> 5 | AR25: ='P103'!$AP25+'P103'!$AQ25 -> 5
A26: diegjara@espol.edu.ec | B26: 202507307 | C26: JARA CALDERON DIEGO DAVID | D26: 7 | F26: 0.963 | G26: 0.923 | H26: 0.5 | I26: 3 | J26: 2 | K26: 2.3 | L26: =IF(I26<1.79,SUM(I26:J26), SUM('P103'!$Q26:$S26)) -> 6.3 | M26: 1.5 | N26: 2 | O26: 2.8 | P26: =IF(M26<1.79,SUM(M26:N26), SUM('P103'!$Q26:$S26)) -> 3.5 | Q26: 1.5 | R26: 2 | S26: 2.8 | T26: =IF(Q26<1.79,SUM(Q26:R26), SUM('P103'!$Q26:$S26)) -> 3.5 | U26: =('P103'!$L26+'P103'!$P26+'P103'!$T26)*'P103'!$F26 -> 12.8079 | V26: 4.8 | W26: 7.8 | X26: =SUM('P103'!$V26:$W26)*'P103'!$G26 -> 11.6298 | Y26: 1.5 | Z26: 3 | AA26: 5 | AB26: =IF(SUM('P103'!$Y26:$AA26)>5.9,"SI","NO") -> SI | AC26: =SUM('P103'!$Y26:$AA26) -> 9.5 | AD26: 0.75 | AE26: 5.5 | AF26: =IF('P103'!$AG26>5.9,"SI","NO") -> SI | AG26: =SUM('P103'!$AD26:$AE26) -> 6.25 | AH26: 0 | AI26: 0 | AJ26: =AVERAGE('P103'!$AH26:$AI26)*'P103'!$H26 -> 0 | AK26: 0 | AL26: 0 | AM26: 0 | AN26: =(1*('P103'!$AL26+'P103'!$AM26))*'P103'!$AK26 -> 0 | AO26: 9 | AP26: =SUM('P103'!$U26) -> 12.8079 | AQ26: =SUM(AN26,AJ26,AG26,AC26,X26,('P103'!$AO26)*H26) -> 31.8798 | AR26: ='P103'!$AP26+'P103'!$AQ26 -> 44.6877
A27: gilandet@espol.edu.ec | B27: 202507182 | C27: LANDETA PUA GILBERT ANDREE | D27: 10 | F27: 2.063 | G27: 2.052 | H27: 1 | I27: 2.25 | J27: 2 | K27: 3.75 | L27: =IF(I27<1.79,SUM(I27:J27), SUM('P103'!$Q27:$S27)) -> 3.83 | M27: 1.13 | N27: 2 | O27: 0.7 | P27: =IF(M27<1.79,SUM(M27:N27), SUM('P103'!$Q27:$S27)) -> 3.13 | Q27: 1.13 | R27: 2 | S27: 0.7 | T27: =IF(Q27<1.79,SUM(Q27:R27), SUM('P103'!$Q27:$S27)) -> 3.13 | U27: =('P103'!$L27+'P103'!$P27+'P103'!$T27)*'P103'!$F27 -> 20.81567 | V27: 0.75 | W27: 0 | X27: =SUM('P103'!$V27:$W27)*'P103'!$G27 -> 1.539 | Y27: 1.5 | Z27: 0 | AA27: 0 | AB27: =IF(SUM('P103'!$Y27:$AA27)>5.9,"SI","NO") -> NO | AC27: =SUM('P103'!$Y27:$AA27) -> 1.5 | AD27: 0.5 | AE27: 2 | AF27: =IF('P103'!$AG27>5.9,"SI","NO") -> NO | AG27: =SUM('P103'!$AD27:$AE27) -> 2.5 | AH27: =IF('P103'!$AF27="NO",0," ") -> 0 | AI27: =IF('P103'!$AF27="NO",0," ") -> 0 | AJ27: =AVERAGE('P103'!$AH27:$AI27)*'P103'!$H27 -> 0 | AK27: 0 | AL27: 0 | AM27: 0 | AN27: =(1*('P103'!$AL27+'P103'!$AM27))*'P103'!$AK27 -> 0 | AO27: 5 | AP27: =SUM('P103'!$U27) -> 20.81567 | AQ27: =SUM(AN27,AJ27,AG27,AC27,X27,('P103'!$AO27)*H27) -> 10.539 | AR27: ='P103'!$AP27+'P103'!$AQ27 -> 31.35467
A28: jerlopez@espol.edu.ec | B28: 202414157 | C28: LOPEZ ANDRADE JEREMY JASHUA | D28: 5 | F28: 1.384 | G28: 1.376 | H28: 0.5 | I28: 3 | J28: 2 | K28: 3 | L28: =IF(I28<1.79,SUM(I28:J28), SUM('P103'!$Q28:$S28)) -> 7.45 | M28: 2.25 | N28: 2 | O28: 3.2 | P28: =IF(M28<1.79,SUM(M28:N28), SUM('P103'!$Q28:$S28)) -> 7.45 | Q28: 2.25 | R28: 2 | S28: 3.2 | T28: =IF(Q28<1.79,SUM(Q28:R28), SUM('P103'!$Q28:$S28)) -> 7.45 | U28: =('P103'!$L28+'P103'!$P28+'P103'!$T28)*'P103'!$F28 -> 30.9324 | V28: 3.8 | W28: 8.1 | X28: =SUM('P103'!$V28:$W28)*'P103'!$G28 -> 16.3744 | Y28: 1.5 | Z28: 0 | AA28: 0 | AB28: =IF(SUM('P103'!$Y28:$AA28)>5.9,"SI","NO") -> NO | AC28: =SUM('P103'!$Y28:$AA28) -> 1.5 | AD28: 0.5 | AE28: 4.5 | AF28: =IF('P103'!$AG28>5.9,"SI","NO") -> NO | AG28: =SUM('P103'!$AD28:$AE28) -> 5 | AH28: =IF('P103'!$AF28="NO",0," ") -> 0 | AI28: =IF('P103'!$AF28="NO",0," ") -> 0 | AJ28: =AVERAGE('P103'!$AH28:$AI28)*'P103'!$H28 -> 0 | AK28: 0 | AL28: 0 | AM28: 0 | AN28: =(1*('P103'!$AL28+'P103'!$AM28))*'P103'!$AK28 -> 0 | AO28: 6.5 | AP28: =SUM('P103'!$U28) -> 30.9324 | AQ28: =SUM(AN28,AJ28,AG28,AC28,X28,('P103'!$AO28)*H28) -> 26.1244 | AR28: ='P103'!$AP28+'P103'!$AQ28 -> 57.0568
A29: carmacia@espol.edu.ec | B29: 202509782 | C29: MACIAS VELIZ CARLOS JOSE | D29: 4 | F29: 1.026 | G29: 1.108 | H29: 1.02 | I29: 3 | J29: 2 | K29: 3 | L29: =IF(I29<1.79,SUM(I29:J29), SUM('P103'!$Q29:$S29)) -> 9.05 | M29: 3 | N29: 2 | O29: 4.05 | P29: =IF(M29<1.79,SUM(M29:N29), SUM('P103'!$Q29:$S29)) -> 9.05 | Q29: 3 | R29: 2 | S29: 4.05 | T29: =IF(Q29<1.79,SUM(Q29:R29), SUM('P103'!$Q29:$S29)) -> 9.05 | U29: =('P103'!$L29+'P103'!$P29+'P103'!$T29)*'P103'!$F29 -> 27.8559 | V29: 2.8 | W29: 0 | X29: =SUM('P103'!$V29:$W29)*'P103'!$G29 -> 3.1024 | Y29: 1.5 | Z29: 1.5 | AA29: 0 | AB29: =IF(SUM('P103'!$Y29:$AA29)>5.9,"SI","NO") -> NO | AC29: =SUM('P103'!$Y29:$AA29) -> 3 | AD29: 0.5 | AE29: 1.5 | AF29: =IF('P103'!$AG29>5.9,"SI","NO") -> NO | AG29: =SUM('P103'!$AD29:$AE29) -> 2 | AH29: =IF('P103'!$AF29="NO",0," ") -> 0 | AI29: =IF('P103'!$AF29="NO",0," ") -> 0 | AJ29: =AVERAGE('P103'!$AH29:$AI29)*'P103'!$H29 -> 0 | AK29: 0 | AL29: 0 | AM29: 0 | AN29: =(1*('P103'!$AL29+'P103'!$AM29))*'P103'!$AK29 -> 0 | AO29: 0 | AP29: =SUM('P103'!$U29) -> 27.8559 | AQ29: =SUM(AN29,AJ29,AG29,AC29,X29,('P103'!$AO29)*H29) -> 8.1024 | AR29: ='P103'!$AP29+'P103'!$AQ29 -> 35.9583
A30: aomogoll@espol.edu.ec | B30: 202301396 | C30: MOGOLLON ORTEGA ANGEL OSWALDO | D30: 1 | F30: 0 | G30: 0 | H30: 0 | I30: 0 | J30: 0 | K30: 4 | L30: =IF(I30<1.79,SUM(I30:J30), SUM('P103'!$Q30:$S30)) -> 0 | M30: 0 | N30: 0 | O30: 0 | P30: =IF(M30<1.79,SUM(M30:N30), SUM('P103'!$Q30:$S30)) -> 0 | Q30: 0 | R30: 0 | S30: 0 | T30: =IF(Q30<1.79,SUM(Q30:R30), SUM('P103'!$Q30:$S30)) -> 0 | U30: =('P103'!$L30+'P103'!$P30+'P103'!$T30)*'P103'!$F30 -> 0 | V30: 0 | W30: 0 | X30: =SUM('P103'!$V30:$W30)*'P103'!$G30 -> 0 | Y30: 0 | Z30: 0 | AA30: 0 | AB30: =IF(SUM('P103'!$Y30:$AA30)>5.9,"SI","NO") -> NO | AC30: =SUM('P103'!$Y30:$AA30) -> 0 | AD30: 0.5 | AE30: 0 | AF30: =IF('P103'!$AG30>5.9,"SI","NO") -> NO | AG30: =SUM('P103'!$AD30:$AE30) -> 0.5 | AH30: =IF('P103'!$AF30="NO",0," ") -> 0 | AI30: =IF('P103'!$AF30="NO",0," ") -> 0 | AJ30: =AVERAGE('P103'!$AH30:$AI30)*'P103'!$H30 -> 0 | AK30: 0 | AL30: 0 | AM30: 0 | AN30: =(1*('P103'!$AL30+'P103'!$AM30))*'P103'!$AK30 -> 0 | AO30: 6.5 | AP30: =SUM('P103'!$U30) -> 0 | AQ30: =SUM(AN30,AJ30,AG30,AC30,X30,('P103'!$AO30)*H30) -> 0.5 | AR30: ='P103'!$AP30+'P103'!$AQ30 -> 0.5
A31: pablmora@espol.edu.ec | B31: 202507174 | C31: MORA ORTEGA PABLO MARTIN | D31: 8 | F31: 0.923 | G31: 0.5 | H31: 0.952 | I31: 2.25 | J31: 2 | K31: 3.35 | L31: =IF(I31<1.79,SUM(I31:J31), SUM('P103'!$Q31:$S31)) -> 6.4 | M31: 1.5 | N31: 2 | O31: 2.9 | P31: =IF(M31<1.79,SUM(M31:N31), SUM('P103'!$Q31:$S31)) -> 3.5 | Q31: 1.5 | R31: 2 | S31: 2.9 | T31: =IF(Q31<1.79,SUM(Q31:R31), SUM('P103'!$Q31:$S31)) -> 3.5 | U31: =('P103'!$L31+'P103'!$P31+'P103'!$T31)*'P103'!$F31 -> 12.3682 | V31: 2.95 | W31: 6.4 | X31: =SUM('P103'!$V31:$W31)*'P103'!$G31 -> 4.675 | Y31: 1.5 | Z31: 1.5 | AA31: 5 | AB31: =IF(SUM('P103'!$Y31:$AA31)>5.9,"SI","NO") -> SI | AC31: =SUM('P103'!$Y31:$AA31) -> 8 | AD31: 0.5 | AE31: 5.5 | AF31: =IF('P103'!$AG31>5.9,"SI","NO") -> SI | AG31: =SUM('P103'!$AD31:$AE31) -> 6 | AH31: 4 | AI31: 4.3 | AJ31: =AVERAGE('P103'!$AH31:$AI31)*'P103'!$H31 -> 3.9508 | AK31: 1 | AL31: 6.5 | AM31: 8.5 | AN31: =(1*('P103'!$AL31+'P103'!$AM31))*'P103'!$AK31 -> 15 | AO31: 7.25 | AP31: =SUM('P103'!$U31) -> 12.3682 | AQ31: =SUM(AN31,AJ31,AG31,AC31,X31,('P103'!$AO31)*H31) -> 44.5278 | AR31: ='P103'!$AP31+'P103'!$AQ31 -> 56.896
A32: gabrrazu@espol.edu.ec | B32: 202509162 | C32: MORA RAZURI GABRIEL ESTEBAN | D32: 2 | F32: 0.937 | G32: 0.975 | H32: 0.5 | I32: 3 | J32: 2 | K32: 4 | L32: =IF(I32<1.79,SUM(I32:J32), SUM('P103'!$Q32:$S32)) -> 3.5 | M32: 1.5 | N32: 2 | O32: 0 | P32: =IF(M32<1.79,SUM(M32:N32), SUM('P103'!$Q32:$S32)) -> 3.5 | Q32: 1.5 | R32: 2 | S32: 0 | T32: =IF(Q32<1.79,SUM(Q32:R32), SUM('P103'!$Q32:$S32)) -> 3.5 | U32: =('P103'!$L32+'P103'!$P32+'P103'!$T32)*'P103'!$F32 -> 9.8385 | V32: 3.3 | W32: 6.9 | X32: =SUM('P103'!$V32:$W32)*'P103'!$G32 -> 9.945 | Y32: 2 | Z32: 0 | AA32: 1.25 | AB32: =IF(SUM('P103'!$Z32:$AA32)>5.9,"SI","NO") -> NO | AC32: =SUM('P103'!$Y32:$AA32) -> 3.25 | AD32: 0.5 | AE32: 3.5 | AF32: =IF('P103'!$AG32>5.9,"SI","NO") -> NO | AG32: =SUM('P103'!$AD32:$AE32) -> 4 | AH32: =IF('P103'!$AF32="NO",0," ") -> 0 | AI32: =IF('P103'!$AF32="NO",0," ") -> 0 | AJ32: =AVERAGE('P103'!$AH32:$AI32)*'P103'!$H32 -> 0 | AK32: 0 | AL32: 0 | AM32: 0 | AN32: =(1*('P103'!$AL32+'P103'!$AM32))*'P103'!$AK32 -> 0 | AO32: 0 | AP32: =SUM('P103'!$U32) -> 9.8385 | AQ32: =SUM(AN32,AJ32,AG32,AC32,X32,('P103'!$AO32)*H32) -> 17.195 | AR32: ='P103'!$AP32+'P103'!$AQ32 -> 27.0335
A33: domeoroz@espol.edu.ec | B33: 202413431 | C33: OROZCO DAMIAN DOMENICA VALERIA | D33: 1 | F33: 1.202 | G33: 1.232 | H33: 1.246 | I33: 0 | J33: 2 | K33: 4 | L33: =IF(I33<1.79,SUM(I33:J33), SUM('P103'!$Q33:$S33)) -> 2 | M33: 1.5 | N33: 2 | O33: 0 | P33: =IF(M33<1.79,SUM(M33:N33), SUM('P103'!$Q33:$S33)) -> 3.5 | Q33: 1.5 | R33: 2 | S33: 0 | T33: =IF(Q33<1.79,SUM(Q33:R33), SUM('P103'!$Q33:$S33)) -> 3.5 | U33: =('P103'!$L33+'P103'!$P33+'P103'!$T33)*'P103'!$F33 -> 10.818 | V33: 2.9 | W33: 7.1 | X33: =SUM('P103'!$V33:$W33)*'P103'!$G33 -> 12.32 | Y33: 2 | Z33: 0 | AA33: 2.5 | AB33: =IF(SUM('P103'!$Y33:$AA33)>5.9,"SI","NO") -> NO | AC33: =SUM('P103'!$Y33:$AA33) -> 4.5 | AD33: 0.5 | AE33: 4 | AF33: =IF('P103'!$AG33>5.9,"SI","NO") -> NO | AG33: =SUM('P103'!$AD33:$AE33) -> 4.5 | AH33: =IF('P103'!$AF33="NO",0," ") -> 0 | AI33: =IF('P103'!$AF33="NO",0," ") -> 0 | AJ33: =AVERAGE('P103'!$AH33:$AI33)*'P103'!$H33 -> 0 | AK33: 0 | AL33: 0 | AM33: 0 | AN33: =(1*('P103'!$AL33+'P103'!$AM33))*'P103'!$AK33 -> 0 | AO33: 6.5 | AP33: =SUM('P103'!$U33) -> 10.818 | AQ33: =SUM(AN33,AJ33,AG33,AC33,X33,('P103'!$AO33)*H33) -> 29.419 | AR33: ='P103'!$AP33+'P103'!$AQ33 -> 40.237
A34: seorrala@espol.edu.ec | B34: 202407649 | C34: ORRALA MALAVE SEBASTIAN JAVIER | D34: 2 | F34: 1.135 | G34: 1.126 | H34: 1.206 | I34: 2.25 | J34: 2 | K34: 4 | L34: =IF(I34<1.79,SUM(I34:J34), SUM('P103'!$Q34:$S34)) -> 7.68 | M34: 1.13 | N34: 2 | O34: 4.55 | P34: =IF(M34<1.79,SUM(M34:N34), SUM('P103'!$Q34:$S34)) -> 3.13 | Q34: 1.13 | R34: 2 | S34: 4.55 | T34: =IF(Q34<1.79,SUM(Q34:R34), SUM('P103'!$Q34:$S34)) -> 3.13 | U34: =('P103'!$L34+'P103'!$P34+'P103'!$T34)*'P103'!$F34 -> 15.8219 | V34: 3.3 | W34: 6.9 | X34: =SUM('P103'!$V34:$W34)*'P103'!$G34 -> 11.4852 | Y34: 1 | Z34: 0 | AA34: 2.5 | AB34: =IF(SUM('P103'!$Y34:$AA34)>5.9,"SI","NO") -> NO | AC34: =SUM('P103'!$Y34:$AA34) -> 3.5 | AD34: 0.5 | AE34: 3.5 | AF34: =IF('P103'!$AG34>5.9,"SI","NO") -> NO | AG34: =SUM('P103'!$AD34:$AE34) -> 4 | AH34: =IF('P103'!$AF34="NO",0," ") -> 0 | AI34: =IF('P103'!$AF34="NO",0," ") -> 0 | AJ34: =AVERAGE('P103'!$AH34:$AI34)*'P103'!$H34 -> 0 | AK34: 0 | AL34: 0 | AM34: 0 | AN34: =(1*('P103'!$AL34+'P103'!$AM34))*'P103'!$AK34 -> 0 | AO34: 6.5 | AP34: =SUM('P103'!$U34) -> 15.8219 | AQ34: =SUM(AN34,AJ34,AG34,AC34,X34,('P103'!$AO34)*H34) -> 26.8242 | AR34: ='P103'!$AP34+'P103'!$AQ34 -> 42.6461
A35: dancamac@espol.edu.ec | B35: 202413241 | C35: ORTEGA CAMACHO DANILO JAVIER | D35: 3 | F35: 1 | G35: 1.324 | H35: 1.284 | I35: 3 | J35: 2 | K35: 3 | L35: =IF(I35<1.79,SUM(I35:J35), SUM('P103'!$Q35:$S35)) -> 8.9 | M35: 3 | N35: 2 | O35: 3.9 | P35: =IF(M35<1.79,SUM(M35:N35), SUM('P103'!$Q35:$S35)) -> 8.9 | Q35: 3 | R35: 2 | S35: 3.9 | T35: =IF(Q35<1.79,SUM(Q35:R35), SUM('P103'!$Q35:$S35)) -> 8.9 | U35: =('P103'!$L35+'P103'!$P35+'P103'!$T35)*'P103'!$F35 -> 26.7 | V35: 2.6 | W35: 5.6 | X35: =SUM('P103'!$V35:$W35)*'P103'!$G35 -> 10.8568 | Y35: 1.5 | Z35: 1.5 | AA35: 3.75 | AB35: =IF(SUM('P103'!$Y35:$AA35)>5.9,"SI","NO") -> SI | AC35: =SUM('P103'!$Y35:$AA35) -> 6.75 | AD35: 0.5 | AE35: 2 | AF35: =IF('P103'!$AG35>5.9,"SI","NO") -> NO | AG35: =SUM('P103'!$AD35:$AE35) -> 2.5 | AH35: =IF('P103'!$AF35="NO",0," ") -> 0 | AI35: =IF('P103'!$AF35="NO",0," ") -> 0 | AJ35: =AVERAGE('P103'!$AH35:$AI35)*'P103'!$H35 -> 0 | AK35: 0 | AL35: 0 | AM35: 0 | AN35: =(1*('P103'!$AL35+'P103'!$AM35))*'P103'!$AK35 -> 0 | AO35: 6.5 | AP35: =SUM('P103'!$U35) -> 26.7 | AQ35: =SUM(AN35,AJ35,AG35,AC35,X35,('P103'!$AO35)*H35) -> 28.4528 | AR35: ='P103'!$AP35+'P103'!$AQ35 -> 55.1528
A36: dianpach@espol.edu.ec | B36: 202203980 | C36: PACHECO VILLA DIEGO ANDRES | D36: 6 | F36: 1.069 | G36: 1.024 | H36: 1.048 | I36: 2.25 | J36: 2 | K36: 4.05 | L36: =IF(I36<1.79,SUM(I36:J36), SUM('P103'!$Q36:$S36)) -> 8.35 | M36: 2.25 | N36: 2 | O36: 4.1 | P36: =IF(M36<1.79,SUM(M36:N36), SUM('P103'!$Q36:$S36)) -> 8.35 | Q36: 2.25 | R36: 2 | S36: 4.1 | T36: =IF(Q36<1.79,SUM(Q36:R36), SUM('P103'!$Q36:$S36)) -> 8.35 | U36: =('P103'!$L36+'P103'!$P36+'P103'!$T36)*'P103'!$F36 -> 26.77845 | V36: 4.3 | W36: 7.1 | X36: =SUM('P103'!$V36:$W36)*'P103'!$G36 -> 11.6736 | Y36: 1.5 | Z36: 0 | AA36: 1.25 | AB36: =IF(SUM('P103'!$Y36:$AA36)>5.9,"SI","NO") -> NO | AC36: =SUM('P103'!$Y36:$AA36) -> 2.75 | AD36: 1 | AE36: 4.5 | AF36: =IF('P103'!$AG36>5.9,"SI","NO") -> NO | AG36: =SUM('P103'!$AD36:$AE36) -> 5.5 | AH36: 5 | AI36: 5 | AJ36: =AVERAGE('P103'!$AH36:$AI36)*'P103'!$H36 -> 5.24 | AK36: 0 | AL36: 0 | AM36: 0 | AN36: =(1*('P103'!$AL36+'P103'!$AM36))*'P103'!$AK36 -> 0 | AO36: 8 | AP36: =SUM('P103'!$U36) -> 26.77845 | AQ36: =SUM(AN36,AJ36,AG36,AC36,X36,('P103'!$AO36)*H36) -> 33.5476 | AR36: ='P103'!$AP36+'P103'!$AQ36 -> 60.32605
A37: alesperu@espol.edu.ec | B37: 201917630 | C37: PEÑA DELGADO DAVID SEBASTIAN | D37: 6 | F37: 0.994 | G37: 1.012 | H37: 1.012 | I37: 3 | J37: 2 | K37: 4.05 | L37: =IF(I37<1.79,SUM(I37:J37), SUM('P103'!$Q37:$S37)) -> 9.1 | M37: 3 | N37: 2 | O37: 4.1 | P37: =IF(M37<1.79,SUM(M37:N37), SUM('P103'!$Q37:$S37)) -> 9.1 | Q37: 3 | R37: 2 | S37: 4.1 | T37: =IF(Q37<1.79,SUM(Q37:R37), SUM('P103'!$Q37:$S37)) -> 9.1 | U37: =('P103'!$L37+'P103'!$P37+'P103'!$T37)*'P103'!$F37 -> 27.1362 | V37: 4.3 | W37: 7.1 | X37: =SUM('P103'!$V37:$W37)*'P103'!$G37 -> 11.5368 | Y37: 1.5 | Z37: 3 | AA37: 2.5 | AB37: =IF(SUM('P103'!$Y37:$AA37)>5.9,"SI","NO") -> SI | AC37: =SUM('P103'!$Y37:$AA37) -> 7 | AD37: 1 | AE37: 4.5 | AF37: =IF('P103'!$AG37>5.9,"SI","NO") -> NO | AG37: =SUM('P103'!$AD37:$AE37) -> 5.5 | AH37: 5 | AI37: 5 | AJ37: =AVERAGE('P103'!$AH37:$AI37)*'P103'!$H37 -> 5.06 | AK37: 1 | AL37: 6.5 | AM37: 6.5 | AN37: =(1*('P103'!$AL37+'P103'!$AM37))*'P103'!$AK37 -> 13 | AO37: 8 | AP37: =SUM('P103'!$U37) -> 27.1362 | AQ37: =SUM(AN37,AJ37,AG37,AC37,X37,('P103'!$AO37)*H37) -> 50.1928 | AR37: ='P103'!$AP37+'P103'!$AQ37 -> 77.329
A38: davipena@espol.edu.ec | B38: 202506937 | C38: PERUGACHI JARAMILLO ALEXIS STANLEY | D38: 8 | F38: 0.917 | G38: 0.902 | H38: 0.945 | I38: 1.5 | J38: 2 | K38: 3.35 | L38: =IF(I38<1.79,SUM(I38:J38), SUM('P103'!$Q38:$S38)) -> 3.5 | M38: 3 | N38: 2 | O38: 2.9 | P38: =IF(M38<1.79,SUM(M38:N38), SUM('P103'!$Q38:$S38)) -> 7.9 | Q38: 3 | R38: 2 | S38: 2.9 | T38: =IF(Q38<1.79,SUM(Q38:R38), SUM('P103'!$Q38:$S38)) -> 7.9 | U38: =('P103'!$L38+'P103'!$P38+'P103'!$T38)*'P103'!$F38 -> 17.6981 | V38: 2.95 | W38: 6.4 | X38: =SUM('P103'!$V38:$W38)*'P103'!$G38 -> 8.4337 | Y38: 1.5 | Z38: 0 | AA38: 5 | AB38: =IF(SUM('P103'!$Y38:$AA38)>5.9,"SI","NO") -> SI | AC38: =SUM('P103'!$Y38:$AA38) -> 6.5 | AD38: 0.5 | AE38: 5.5 | AF38: =IF('P103'!$AG38>5.9,"SI","NO") -> SI | AG38: =SUM('P103'!$AD38:$AE38) -> 6 | AH38: 4 | AI38: 4.3 | AJ38: =AVERAGE('P103'!$AH38:$AI38)*'P103'!$H38 -> 3.92175 | AK38: 1 | AL38: 6 | AM38: 6.5 | AN38: =(1*('P103'!$AL38+'P103'!$AM38))*'P103'!$AK38 -> 12.5 | AO38: 7.25 | AP38: =SUM('P103'!$U38) -> 17.6981 | AQ38: =SUM(AN38,AJ38,AG38,AC38,X38,('P103'!$AO38)*H38) -> 44.2067 | AR38: ='P103'!$AP38+'P103'!$AQ38 -> 61.9048
A39: cesramir@espol.edu.ec | B39: 202509907 | C39: RAMIREZ PACHECO CESAR AUGUSTO | D39: 3 | F39: 0.5 | G39: 0.5 | H39: 1.004 | I39: 2.25 | J39: 2 | K39: 0 | L39: =IF(I39<1.79,SUM(I39:J39), SUM('P103'!$Q39:$S39)) -> 2.75 | M39: 0.75 | N39: 2 | O39: 0 | P39: =IF(M39<1.79,SUM(M39:N39), SUM('P103'!$Q39:$S39)) -> 2.75 | Q39: 0.75 | R39: 2 | S39: 0 | T39: =IF(Q39<1.79,SUM(Q39:R39), SUM('P103'!$Q39:$S39)) -> 2.75 | U39: =('P103'!$L39+'P103'!$P39+'P103'!$T39)*'P103'!$F39 -> 4.125 | V39: 2.6 | W39: 5.6 | X39: =SUM('P103'!$V39:$W39)*'P103'!$G39 -> 4.1 | Y39: 0 | Z39: 0 | AA39: 0 | AB39: =IF(SUM('P103'!$Y39:$AA39)>5.9,"SI","NO") -> NO | AC39: =SUM('P103'!$Y39:$AA39) -> 0 | AD39: 0.5 | AE39: 2 | AF39: =IF('P103'!$AG39>5.9,"SI","NO") -> NO | AG39: =SUM('P103'!$AD39:$AE39) -> 2.5 | AH39: =IF('P103'!$AF39="NO",0," ") -> 0 | AI39: =IF('P103'!$AF39="NO",0," ") -> 0 | AJ39: =AVERAGE('P103'!$AH39:$AI39)*'P103'!$H39 -> 0 | AK39: 0 | AL39: 0 | AM39: 0 | AN39: =(1*('P103'!$AL39+'P103'!$AM39))*'P103'!$AK39 -> 0 | AO39: 6.5 | AP39: =SUM('P103'!$U39) -> 4.125 | AQ39: =SUM(AN39,AJ39,AG39,AC39,X39,('P103'!$AO39)*H39) -> 13.126 | AR39: ='P103'!$AP39+'P103'!$AQ39 -> 17.251
A40: paureyes@espol.edu.ec | B40: 202507778 | C40: REYES ZAMBRANO PAUL ISAAC | D40: 4 | F40: 1.021 | G40: 1.168 | H40: 1.062 | I40: 1.5 | J40: 2 | K40: 3 | L40: =IF(I40<1.79,SUM(I40:J40), SUM('P103'!$Q40:$S40)) -> 3.5 | M40: 2.25 | N40: 2 | O40: 4.05 | P40: =IF(M40<1.79,SUM(M40:N40), SUM('P103'!$Q40:$S40)) -> 8.3 | Q40: 2.25 | R40: 2 | S40: 4.05 | T40: =IF(Q40<1.79,SUM(Q40:R40), SUM('P103'!$Q40:$S40)) -> 8.3 | U40: =('P103'!$L40+'P103'!$P40+'P103'!$T40)*'P103'!$F40 -> 20.5221 | V40: 2.8 | W40: 0 | X40: =SUM('P103'!$V40:$W40)*'P103'!$G40 -> 3.2704 | Y40: 1.5 | Z40: 0 | AA40: 1.25 | AB40: =IF(SUM('P103'!$Y40:$AA40)>5.9,"SI","NO") -> NO | AC40: =SUM('P103'!$Y40:$AA40) -> 2.75 | AD40: 0.5 | AE40: 1.5 | AF40: =IF('P103'!$AG40>5.9,"SI","NO") -> NO | AG40: =SUM('P103'!$AD40:$AE40) -> 2 | AH40: =IF('P103'!$AF40="NO",0," ") -> 0 | AI40: =IF('P103'!$AF40="NO",0," ") -> 0 | AJ40: =AVERAGE('P103'!$AH40:$AI40)*'P103'!$H40 -> 0 | AK40: 0 | AL40: 0 | AM40: 0 | AN40: =(1*('P103'!$AL40+'P103'!$AM40))*'P103'!$AK40 -> 0 | AO40: 0 | AP40: =SUM('P103'!$U40) -> 20.5221 | AQ40: =SUM(AN40,AJ40,AG40,AC40,X40,('P103'!$AO40)*H40) -> 8.0204 | AR40: ='P103'!$AP40+'P103'!$AQ40 -> 28.5425
A41: javrocha@espol.edu.ec | B41: 202411161 | C41: ROCHA GOMEZ JAVIER ALEJANDRO | D41: 7 | F41: 0.957 | G41: 0.933 | H41: 0.5 | I41: 3 | J41: 2 | K41: 2.3 | L41: =IF(I41<1.79,SUM(I41:J41), SUM('P103'!$Q41:$S41)) -> 6.3 | M41: 1.5 | N41: 2 | O41: 2.8 | P41: =IF(M41<1.79,SUM(M41:N41), SUM('P103'!$Q41:$S41)) -> 3.5 | Q41: 1.5 | R41: 2 | S41: 2.8 | T41: =IF(Q41<1.79,SUM(Q41:R41), SUM('P103'!$Q41:$S41)) -> 3.5 | U41: =('P103'!$L41+'P103'!$P41+'P103'!$T41)*'P103'!$F41 -> 12.7281 | V41: 4.8 | W41: 7.8 | X41: =SUM('P103'!$V41:$W41)*'P103'!$G41 -> 11.7558 | Y41: 1 | Z41: 3 | AA41: 0 | AB41: =IF(SUM('P103'!$Y41:$AA41)>5.9,"SI","NO") -> NO | AC41: =SUM('P103'!$Y41:$AA41) -> 4 | AD41: 0.75 | AE41: 5.5 | AF41: =IF('P103'!$AG41>5.9,"SI","NO") -> SI | AG41: =SUM('P103'!$AD41:$AE41) -> 6.25 | AH41: 0 | AI41: 0 | AJ41: =AVERAGE('P103'!$AH41:$AI41)*'P103'!$H41 -> 0 | AK41: 0 | AL41: 0 | AM41: 0 | AN41: =(1*('P103'!$AL41+'P103'!$AM41))*'P103'!$AK41 -> 0 | AO41: 9 | AP41: =SUM('P103'!$U41) -> 12.7281 | AQ41: =SUM(AN41,AJ41,AG41,AC41,X41,('P103'!$AO41)*H41) -> 26.5058 | AR41: ='P103'!$AP41+'P103'!$AQ41 -> 39.2339
A42: jeanquin@espol.edu.ec | B42: 202412060 | C42: RODRIGUEZ QUINTERO JEAN PIERO | D42: 4 | F42: 0.974 | G42: 0.826 | H42: 0 | I42: 0.75 | J42: 2 | K42: 0 | L42: =IF(I42<1.79,SUM(I42:J42), SUM('P103'!$Q42:$S42)) -> 2.75 | M42: 0 | N42: 0 | O42: 0 | P42: =IF(M42<1.79,SUM(M42:N42), SUM('P103'!$Q42:$S42)) -> 0 | Q42: 0 | R42: 0 | S42: 0 | T42: =IF(Q42<1.79,SUM(Q42:R42), SUM('P103'!$Q42:$S42)) -> 0 | U42: =('P103'!$L42+'P103'!$P42+'P103'!$T42)*'P103'!$F42 -> 2.6785 | V42: 2.8 | W42: 0 | X42: =SUM('P103'!$V42:$W42)*'P103'!$G42 -> 2.3128 | Y42: 1.5 | Z42: 0 | AA42: 3.75 | AB42: =IF(SUM('P103'!$Y42:$AA42)>5.9,"SI","NO") -> NO | AC42: =SUM('P103'!$Y42:$AA42) -> 5.25 | AD42: 0.5 | AE42: 1.5 | AF42: =IF('P103'!$AG42>5.9,"SI","NO") -> NO | AG42: =SUM('P103'!$AD42:$AE42) -> 2 | AH42: =IF('P103'!$AF42="NO",0," ") -> 0 | AI42: =IF('P103'!$AF42="NO",0," ") -> 0 | AJ42: =AVERAGE('P103'!$AH42:$AI42)*'P103'!$H42 -> 0 | AK42: 0 | AL42: 0 | AM42: 0 | AN42: =(1*('P103'!$AL42+'P103'!$AM42))*'P103'!$AK42 -> 0 | AO42: 0 | AP42: =SUM('P103'!$U42) -> 2.6785 | AQ42: =SUM(AN42,AJ42,AG42,AC42,X42,('P103'!$AO42)*H42) -> 9.5628 | AR42: ='P103'!$AP42+'P103'!$AQ42 -> 12.2413
A43: moiscruz@espol.edu.ec | B43: 202311270 | C43: SALINAS CRUZ MOISES ADRIAN | D43: 8 | F43: 1.052 | G43: 1.056 | H43: 1.033 | I43: 3 | J43: 2 | K43: 3.35 | L43: =IF(I43<1.79,SUM(I43:J43), SUM('P103'!$Q43:$S43)) -> 6.4 | M43: 1.5 | N43: 2 | O43: 2.9 | P43: =IF(M43<1.79,SUM(M43:N43), SUM('P103'!$Q43:$S43)) -> 3.5 | Q43: 1.5 | R43: 2 | S43: 2.9 | T43: =IF(Q43<1.79,SUM(Q43:R43), SUM('P103'!$Q43:$S43)) -> 3.5 | U43: =('P103'!$L43+'P103'!$P43+'P103'!$T43)*'P103'!$F43 -> 14.0968 | V43: 2.95 | W43: 6.4 | X43: =SUM('P103'!$V43:$W43)*'P103'!$G43 -> 9.8736 | Y43: 1 | Z43: 1.5 | AA43: 0 | AB43: =IF(SUM('P103'!$Y43:$AA43)>5.9,"SI","NO") -> NO | AC43: =SUM('P103'!$Y43:$AA43) -> 2.5 | AD43: 0.5 | AE43: 5.5 | AF43: =IF('P103'!$AG43>5.9,"SI","NO") -> SI | AG43: =SUM('P103'!$AD43:$AE43) -> 6 | AH43: 4 | AI43: 4.3 | AJ43: =AVERAGE('P103'!$AH43:$AI43)*'P103'!$H43 -> 4.28695 | AK43: 1 | AL43: 0 | AM43: 0 | AN43: =(1*('P103'!$AL43+'P103'!$AM43))*'P103'!$AK43 -> 0 | AO43: 7.25 | AP43: =SUM('P103'!$U43) -> 14.0968 | AQ43: =SUM(AN43,AJ43,AG43,AC43,X43,('P103'!$AO43)*H43) -> 30.1498 | AR43: ='P103'!$AP43+'P103'!$AQ43 -> 44.2466
A44: robsanch@espol.edu.ec | B44: 202412904 | C44: SANCHEZ QUINTO ROBERTO ANDRES | D44: 9 | F44: 0.856 | G44: 0.716 | H44: 0.642 | I44: 3 | J44: 2 | K44: 3.95 | L44: =IF(I44<1.79,SUM(I44:J44), SUM('P103'!$Q44:$S44)) -> 3.5 | M44: 1.5 | N44: 2 | O44: 0 | P44: =IF(M44<1.79,SUM(M44:N44), SUM('P103'!$Q44:$S44)) -> 3.5 | Q44: 1.5 | R44: 2 | S44: 0 | T44: =IF(Q44<1.79,SUM(Q44:R44), SUM('P103'!$Q44:$S44)) -> 3.5 | U44: =('P103'!$L44+'P103'!$P44+'P103'!$T44)*'P103'!$F44 -> 8.988 | V44: 4.7 | W44: 6.5 | X44: =SUM('P103'!$V44:$W44)*'P103'!$G44 -> 8.0192 | Y44: 1 | Z44: 3 | AA44: 0 | AB44: =IF(SUM('P103'!$Y44:$AA44)>5.9,"SI","NO") -> NO | AC44: =SUM('P103'!$Y44:$AA44) -> 4 | AD44: 0 | AE44: 2 | AF44: =IF('P103'!$AG44>5.9,"SI","NO") -> NO | AG44: =SUM('P103'!$AD44:$AE44) -> 2 | AH44: =IF('P103'!$AF44="NO",0," ") -> 0 | AI44: =IF('P103'!$AF44="NO",0," ") -> 0 | AJ44: =AVERAGE('P103'!$AH44:$AI44)*'P103'!$H44 -> 0 | AK44: 0 | AL44: 0 | AM44: 0 | AN44: =(1*('P103'!$AL44+'P103'!$AM44))*'P103'!$AK44 -> 0 | AO44: 6.75 | AP44: =SUM('P103'!$U44) -> 8.988 | AQ44: =SUM(AN44,AJ44,AG44,AC44,X44,('P103'!$AO44)*H44) -> 18.3527 | AR44: ='P103'!$AP44+'P103'!$AQ44 -> 27.3407
A45: julsierr@espol.edu.ec | B45: 202407250 | C45: SIERRA MOSCOSO JULIO CESAR | D45: 7 | F45: 1.038 | G45: 1.048 | H45: 1.141 | I45: 3 | J45: 2 | K45: 2.3 | L45: =IF(I45<1.79,SUM(I45:J45), SUM('P103'!$Q45:$S45)) -> 7.05 | M45: 2.25 | N45: 2 | O45: 2.8 | P45: =IF(M45<1.79,SUM(M45:N45), SUM('P103'!$Q45:$S45)) -> 7.05 | Q45: 2.25 | R45: 2 | S45: 2.8 | T45: =IF(Q45<1.79,SUM(Q45:R45), SUM('P103'!$Q45:$S45)) -> 7.05 | U45: =('P103'!$L45+'P103'!$P45+'P103'!$T45)*'P103'!$F45 -> 21.9537 | V45: 4.8 | W45: 7.8 | X45: =SUM('P103'!$V45:$W45)*'P103'!$G45 -> 13.2048 | Y45: 2 | Z45: 1.5 | AA45: 0 | AB45: =IF(SUM('P103'!$Y45:$AA45)>5.9,"SI","NO") -> NO | AC45: =SUM('P103'!$Y45:$AA45) -> 3.5 | AD45: 0.75 | AE45: 5.5 | AF45: =IF('P103'!$AG45>5.9,"SI","NO") -> SI | AG45: =SUM('P103'!$AD45:$AE45) -> 6.25 | AH45: 0 | AI45: 0 | AJ45: =AVERAGE('P103'!$AH45:$AI45)*'P103'!$H45 -> 0 | AK45: 0 | AL45: 0 | AM45: 0 | AN45: =(1*('P103'!$AL45+'P103'!$AM45))*'P103'!$AK45 -> 0 | AO45: 9 | AP45: =SUM('P103'!$U45) -> 21.9537 | AQ45: =SUM(AN45,AJ45,AG45,AC45,X45,('P103'!$AO45)*H45) -> 33.2238 | AR45: ='P103'!$AP45+'P103'!$AQ45 -> 55.1775
A46: stevcast@espol.edu.ec | B46: 202314175 | C46: SOLIS CASTRO STEVEN ADRIAN | D46: 2 | F46: 0.5 | G46: 0.5 | H46: 0.5 | I46: 1.5 | J46: 2 | K46: 4 | L46: =IF(I46<1.79,SUM(I46:J46), SUM('P103'!$Q46:$S46)) -> 3.5 | M46: 2.25 | N46: 2 | O46: 0 | P46: =IF(M46<1.79,SUM(M46:N46), SUM('P103'!$Q46:$S46)) -> 4.25 | Q46: 2.25 | R46: 2 | S46: 0 | T46: =IF(Q46<1.79,SUM(Q46:R46), SUM('P103'!$Q46:$S46)) -> 4.25 | U46: =('P103'!$L46+'P103'!$P46+'P103'!$T46)*'P103'!$F46 -> 6 | V46: 3.3 | W46: 6.9 | X46: =SUM('P103'!$V46:$W46)*'P103'!$G46 -> 5.1 | Y46: 1.5 | Z46: 0 | AA46: 0 | AB46: =IF(SUM('P103'!$Y46:$AA46)>5.9,"SI","NO") -> NO | AC46: =SUM('P103'!$Y46:$AA46) -> 1.5 | AD46: 0.5 | AE46: 3.5 | AF46: =IF('P103'!$AG46>5.9,"SI","NO") -> NO | AG46: =SUM('P103'!$AD46:$AE46) -> 4 | AH46: =IF('P103'!$AF46="NO",0," ") -> 0 | AI46: =IF('P103'!$AF46="NO",0," ") -> 0 | AJ46: =AVERAGE('P103'!$AH46:$AI46)*'P103'!$H46 -> 0 | AK46: 0 | AL46: 0 | AM46: 0 | AN46: =(1*('P103'!$AL46+'P103'!$AM46))*'P103'!$AK46 -> 0 | AO46: 0 | AP46: =SUM('P103'!$U46) -> 6 | AQ46: =SUM(AN46,AJ46,AG46,AC46,X46,('P103'!$AO46)*H46) -> 10.6 | AR46: ='P103'!$AP46+'P103'!$AQ46 -> 16.6
A47: josurami@espol.edu.ec | B47: 202302022 | C47: SUBIA RAMIREZ JORGE ROLANDO | D47: 9 | F47: 1.064 | G47: 1.091 | H47: 1.096 | I47: 2.25 | J47: 2 | K47: 3.95 | L47: =IF(I47<1.79,SUM(I47:J47), SUM('P103'!$Q47:$S47)) -> 3.5 | M47: 1.5 | N47: 2 | O47: 0 | P47: =IF(M47<1.79,SUM(M47:N47), SUM('P103'!$Q47:$S47)) -> 3.5 | Q47: 1.5 | R47: 2 | S47: 0 | T47: =IF(Q47<1.79,SUM(Q47:R47), SUM('P103'!$Q47:$S47)) -> 3.5 | U47: =('P103'!$L47+'P103'!$P47+'P103'!$T47)*'P103'!$F47 -> 11.172 | V47: 4.7 | W47: 6.5 | X47: =SUM('P103'!$V47:$W47)*'P103'!$G47 -> 12.2192 | Y47: 1.5 | Z47: 3 | AA47: 1.25 | AB47: =IF(SUM('P103'!$Y47:$AA47)>5.9,"SI","NO") -> NO | AC47: =SUM('P103'!$Y47:$AA47) -> 5.75 | AD47: 0 | AE47: 2 | AF47: =IF('P103'!$AG47>5.9,"SI","NO") -> NO | AG47: =SUM('P103'!$AD47:$AE47) -> 2 | AH47: =IF('P103'!$AF47="NO",0," ") -> 0 | AI47: =IF('P103'!$AF47="NO",0," ") -> 0 | AJ47: =AVERAGE('P103'!$AH47:$AI47)*'P103'!$H47 -> 0 | AK47: 0 | AL47: 0 | AM47: 0 | AN47: =(1*('P103'!$AL47+'P103'!$AM47))*'P103'!$AK47 -> 0 | AO47: 6.75 | AP47: =SUM('P103'!$U47) -> 11.172 | AQ47: =SUM(AN47,AJ47,AG47,AC47,X47,('P103'!$AO47)*H47) -> 27.3672 | AR47: ='P103'!$AP47+'P103'!$AQ47 -> 38.5392
A48: luiteran@espol.edu.ec | B48: 202500120 | C48: TERAN QUINTO LUIS ALESSANDRO | D48: 6 | F48: 0.913 | G48: 0.969 | H48: 0.915 | I48: 3 | J48: 2 | K48: 4.05 | L48: =IF(I48<1.79,SUM(I48:J48), SUM('P103'!$Q48:$S48)) -> 6.85 | M48: 0.75 | N48: 2 | O48: 4.1 | P48: =IF(M48<1.79,SUM(M48:N48), SUM('P103'!$Q48:$S48)) -> 2.75 | Q48: 0.75 | R48: 2 | S48: 4.1 | T48: =IF(Q48<1.79,SUM(Q48:R48), SUM('P103'!$Q48:$S48)) -> 2.75 | U48: =('P103'!$L48+'P103'!$P48+'P103'!$T48)*'P103'!$F48 -> 11.27555 | V48: 4.3 | W48: 7.1 | X48: =SUM('P103'!$V48:$W48)*'P103'!$G48 -> 11.0466 | Y48: 1 | Z48: 0 | AA48: 1.25 | AB48: =IF(SUM('P103'!$Y48:$AA48)>5.9,"SI","NO") -> NO | AC48: =SUM('P103'!$Y48:$AA48) -> 2.25 | AD48: 1 | AE48: 4.5 | AF48: =IF('P103'!$AG48>5.9,"SI","NO") -> NO | AG48: =SUM('P103'!$AD48:$AE48) -> 5.5 | AH48: 5 | AI48: 5 | AJ48: =AVERAGE('P103'!$AH48:$AI48)*'P103'!$H48 -> 4.575 | AK48: 0 | AL48: 0 | AM48: 0 | AN48: =(1*('P103'!$AL48+'P103'!$AM48))*'P103'!$AK48 -> 0 | AO48: 8 | AP48: =SUM('P103'!$U48) -> 11.27555 | AQ48: =SUM(AN48,AJ48,AG48,AC48,X48,('P103'!$AO48)*H48) -> 30.6916 | AR48: ='P103'!$AP48+'P103'!$AQ48 -> 41.96715
A49: tattsali@espol.edu.ec | B49: 202316923 | C49: TORRES SALINAS TATIANA ANABEL | D49: 9 | F49: 1.002 | G49: 1.039 | H49: 0.5 | I49: 1.5 | J49: 2 | K49: 3.95 | L49: =IF(I49<1.79,SUM(I49:J49), SUM('P103'!$Q49:$S49)) -> 3.5 | M49: 2.25 | N49: 2 | O49: 3.6 | P49: =IF(M49<1.79,SUM(M49:N49), SUM('P103'!$Q49:$S49)) -> 7.85 | Q49: 2.25 | R49: 2 | S49: 3.6 | T49: =IF(Q49<1.79,SUM(Q49:R49), SUM('P103'!$Q49:$S49)) -> 7.85 | U49: =('P103'!$L49+'P103'!$P49+'P103'!$T49)*'P103'!$F49 -> 19.2384 | V49: 4.7 | W49: 6.5 | X49: =SUM('P103'!$V49:$W49)*'P103'!$G49 -> 11.6368 | Y49: 0.5 | Z49: 0 | AA49: 1.25 | AB49: =IF(SUM('P103'!$Y49:$AA49)>5.9,"SI","NO") -> NO | AC49: =SUM('P103'!$Y49:$AA49) -> 1.75 | AD49: 0 | AE49: 2 | AF49: =IF('P103'!$AG49>5.9,"SI","NO") -> NO | AG49: =SUM('P103'!$AD49:$AE49) -> 2 | AH49: =IF('P103'!$AF49="NO",0," ") -> 0 | AI49: =IF('P103'!$AF49="NO",0," ") -> 0 | AJ49: =AVERAGE('P103'!$AH49:$AI49)*'P103'!$H49 -> 0 | AK49: 0 | AL49: 0 | AM49: 0 | AN49: =(1*('P103'!$AL49+'P103'!$AM49))*'P103'!$AK49 -> 0 | AO49: 6.75 | AP49: =SUM('P103'!$U49) -> 19.2384 | AQ49: =SUM(AN49,AJ49,AG49,AC49,X49,('P103'!$AO49)*H49) -> 18.7618 | AR49: ='P103'!$AP49+'P103'!$AQ49 -> 38.0002
A50: axvillao@espol.edu.ec | B50: 202507943 | C50: VILLAO RAMOS AXEL ANDRES | D50: 2 | F50: 0.5 | G50: 0.5 | H50: 0.894 | I50: 1.5 | J50: 2 | K50: 4 | L50: =IF(I50<1.79,SUM(I50:J50), SUM('P103'!$Q50:$S50)) -> 3.5 | M50: 2.63 | N50: 2 | O50: 0 | P50: =IF(M50<1.79,SUM(M50:N50), SUM('P103'!$Q50:$S50)) -> 4.63 | Q50: 2.63 | R50: 2 | S50: 0 | T50: =IF(Q50<1.79,SUM(Q50:R50), SUM('P103'!$Q50:$S50)) -> 4.63 | U50: =('P103'!$L50+'P103'!$P50+'P103'!$T50)*'P103'!$F50 -> 6.38 | V50: 3.3 | W50: 6.9 | X50: =SUM('P103'!$V50:$W50)*'P103'!$G50 -> 5.1 | Y50: 1.5 | Z50: 0 | AA50: 0 | AB50: =IF(SUM('P103'!$Y50:$AA50)>5.9,"SI","NO") -> NO | AC50: =SUM('P103'!$Y50:$AA50) -> 1.5 | AD50: 0.5 | AE50: 3.5 | AF50: =IF('P103'!$AG50>5.9,"SI","NO") -> NO | AG50: =SUM('P103'!$AD50:$AE50) -> 4 | AH50: =IF('P103'!$AF50="NO",0," ") -> 0 | AI50: =IF('P103'!$AF50="NO",0," ") -> 0 | AJ50: =AVERAGE('P103'!$AH50:$AI50)*'P103'!$H50 -> 0 | AK50: 0 | AL50: 0 | AM50: 0 | AN50: =(1*('P103'!$AL50+'P103'!$AM50))*'P103'!$AK50 -> 0 | AO50: 6.5 | AP50: =SUM('P103'!$U50) -> 6.38 | AQ50: =SUM(AN50,AJ50,AG50,AC50,X50,('P103'!$AO50)*H50) -> 16.411 | AR50: ='P103'!$AP50+'P103'!$AQ50 -> 22.791
A51: santzava@espol.edu.ec | B51: 202404018 | C51: ZAVALA MURILLO SANTIAGO ARMANDO | D51: 7 | F51: 1.033 | G51: 1.048 | H51: 1.141 | I51: 2.25 | J51: 2 | K51: 2.3 | L51: =IF(I51<1.79,SUM(I51:J51), SUM('P103'!$Q51:$S51)) -> 7.8 | M51: 3 | N51: 2 | O51: 2.8 | P51: =IF(M51<1.79,SUM(M51:N51), SUM('P103'!$Q51:$S51)) -> 7.8 | Q51: 3 | R51: 2 | S51: 2.8 | T51: =IF(Q51<1.79,SUM(Q51:R51), SUM('P103'!$Q51:$S51)) -> 7.8 | U51: =('P103'!$L51+'P103'!$P51+'P103'!$T51)*'P103'!$F51 -> 24.1722 | V51: 4.8 | W51: 7.8 | X51: =SUM('P103'!$V51:$W51)*'P103'!$G51 -> 13.2048 | Y51: 1 | Z51: 0 | AA51: 1.25 | AB51: =IF(SUM('P103'!$Y51:$AA51)>5.9,"SI","NO") -> NO | AC51: =SUM('P103'!$Y51:$AA51) -> 2.25 | AD51: 0.75 | AE51: 5.5 | AF51: =IF('P103'!$AG51>5.9,"SI","NO") -> SI | AG51: =SUM('P103'!$AD51:$AE51) -> 6.25 | AH51: 0 | AI51: 0 | AJ51: =AVERAGE('P103'!$AH51:$AI51)*'P103'!$H51 -> 0 | AK51: 0 | AL51: 0 | AM51: 0 | AN51: =(1*('P103'!$AL51+'P103'!$AM51))*'P103'!$AK51 -> 0 | AO51: 9 | AP51: =SUM('P103'!$U51) -> 24.1722 | AQ51: =SUM(AN51,AJ51,AG51,AC51,X51,('P103'!$AO51)*H51) -> 31.9738 | AR51: ='P103'!$AP51+'P103'!$AQ51 -> 56.146
AR52: =AVERAGE(AR4:AR51) -> 35.855141

Sheet P104
D1: P104 | F1: Coevaluaciones | I1: Actividades Práctico-Experimental (APE) (30%) | V1: AVANCES (15%) | Y1: VALIDACION INDIVIDUAL (10%) | AD1: VALIDACION DE PROTOTIPO (10%) | AH1: PROTOTIPO (5%) | AK1: EXPOSICION Y DEFENSA (20%) | AO1: REPORTE (10%) | AP1: TOTAL (100%)
A2: Correo | B2: Número de Matrícula | C2: Apellidos y Nombres | D2: Grupo | E2: Vez | F2: WF1 (APE) | G2: WF2 (AVANCE) | H2: WF3 (FINALES) | I2: CL1 | J2: HT1 | K2: RPAPE1 | L2: APE1 | M2: CL2 | N2: HT2 | O2: RPAPE2 | P2: APE2 | Q2: CL3 | R2: HT3 | S2: RPAPE3 | T2: APE3 | U2: APE_total | V2: AV1 | W2: AV2 | X2: AV_total | Y2: VI1 | Z2: VI2 | AA2: VI3 | AB2: VI_STATUS | AC2: VI_TOTAL | AD2: VP1 | AE2: VP2 | AF2: VP_STATUS | AG2: VP_TOTAL | AH2: EV1_P | AI2: EV2_P | AJ2: PROT_TOTAL | AK2: POSTER | AL2: JUR_1 | AM2: JUR_2 | AN2: EXP_TOTAL | AO2: REPORTE | AP2: EXP | AQ2: PROY | AR2: AL ACADEMICO
A3: prueba | B3: prueba | C3: ESTUDIANTE DE PRUEBA | D3: 0 | E3: 1 | F3: 1 | G3: 1 | H3: 1 | I3: 3 | J3: 2 | K3: 5 | L3: =SUM('P104'!$I3:$K3) -> 10 | M3: 3 | N3: 2 | O3: 5 | P3: =SUM('P104'!$M3:$O3) -> 10 | Q3: 3 | R3: 2 | S3: 5 | T3: =SUM('P104'!$Q3:$S3) -> 10 | U3: =('P104'!$L3+'P104'!$P3+'P104'!$T3)*'P104'!$F3 -> 30 | V3: 5 | W3: 10 | X3: =SUM('P104'!$V3:$W3)*'P104'!$G3 -> 15 | Y3: 2 | Z3: 3 | AA3: 5 | AB3: =IF(SUM('P104'!$Y3:$AA3)>5.9,"SI","NO") -> SI | AC3: =SUM('P104'!$Y3:$AA3) -> 10 | AD3: 2 | AE3: 8 | AF3: =IF('P104'!$AG3>5.9,"SI","NO") -> SI | AG3: =SUM('P104'!$AD3:$AE3) -> 10 | AH3: 5 | AI3: 5 | AJ3: =AVERAGE('P104'!$AH3:$AI3)*'P104'!$H3 -> 5 | AK3: 1 | AL3: 10 | AM3: 10 | AN3: =(1*('P104'!$AL3+'P104'!$AM3))*'P104'!$AK3 -> 20 | AO3: 10 | AP3: =SUM('P104'!$U3) -> 30 | AQ3: =SUM(AN3,AJ3,AG3,AC3,X3,('P104'!$AO3)*H3) -> 70 | AR3: ='P104'!$AP3+'P104'!$AQ3 -> 100
A4: axacosta@espol.edu.ec | B4: 202508784 | C4: ACOSTA RUIZ AXEL JOSE | D4: 2 | F4: 1.0615089 | G4: 1.0378708 | H4: 1.0602197 | I4: 2.25 | J4: 2 | K4: 4.05 | L4: =IF(I4<1.79,SUM(I4:J4), SUM('P104'!$Q4:$S4)) -> 8.5 | M4: 1.75 | N4: 2 | O4: 4.75 | P4: =IF(M4<1.79,SUM(M4:N4), SUM('P104'!$Q4:$S4)) -> 3.75 | Q4: 1.75 | R4: 2 | S4: 4.75 | T4: =IF(Q4<1.79,SUM(Q4:R4), SUM('P104'!$Q4:$S4)) -> 3.75 | U4: =('P104'!$L4+'P104'!$P4+'P104'!$T4)*'P104'!$F4 -> 16.984142 | V4: 4.45 | W4: 6.4 | X4: =SUM('P104'!$V4:$W4)*'P104'!$G4 -> 11.260898 | Y4: 1 | Z4: 1.5 | AA4: 2.5 | AB4: =IF(SUM('P104'!$Y4:$AA4)>5.9,"SI","NO") -> NO | AC4: =SUM('P104'!$Y4:$AA4) -> 5 | AD4: 1.5 | AE4: 3 | AF4: =IF('P104'!$AG4>5.9,"SI","NO") -> NO | AG4: =SUM('P104'!$AD4:$AE4) -> 4.5 | AH4: =IF('P104'!$AF4="NO",0," ") -> 0 | AI4: =IF('P104'!$AF4="NO",0," ") -> 0 | AJ4: =AVERAGE('P104'!$AH4:$AI4)*'P104'!$H4 -> 0 | AK4: 0 | AL4: 0 | AM4: 0 | AN4: =(1*('P104'!$AL4+'P104'!$AM4))*'P104'!$AK4 -> 0 | AO4: 6 | AP4: =SUM('P104'!$U4) -> 16.984142 | AQ4: =SUM(AN4,AJ4,AG4,AC4,X4,('P104'!$AO4)*H4) -> 27.122216 | AR4: ='P104'!$AP4+'P104'!$AQ4 -> 44.106358
A5: alexflor@espol.edu.ec | B5: 202500914 | C5: AJO FLORES ALEX IVAN | D5: 4 | F5: 0.90453403 | G5: 0.76558762 | H5: 0.82338697 | I5: 3 | J5: 2 | K5: 3.95 | L5: =IF(I5<1.79,SUM(I5:J5), SUM('P104'!$Q5:$S5)) -> 5 | M5: 3 | N5: 2 | O5: 0 | P5: =IF(M5<1.79,SUM(M5:N5), SUM('P104'!$Q5:$S5)) -> 5 | Q5: 3 | R5: 2 | S5: 0 | T5: =IF(Q5<1.79,SUM(Q5:R5), SUM('P104'!$Q5:$S5)) -> 5 | U5: =('P104'!$L5+'P104'!$P5+'P104'!$T5)*'P104'!$F5 -> 13.568011 | V5: 3.7 | W5: 6.6 | X5: =SUM('P104'!$V5:$W5)*'P104'!$G5 -> 7.8855525 | Y5: 2 | Z5: 3 | AA5: 5 | AB5: =IF(SUM('P104'!$Y5:$AA5)>5.9,"SI","NO") -> SI | AC5: =SUM('P104'!$Y5:$AA5) -> 10 | AD5: 0.25 | AE5: 6 | AF5: =IF('P104'!$AG5>5.9,"SI","NO") -> SI | AG5: =SUM('P104'!$AD5:$AE5) -> 6.25 | AH5: 4.5 | AI5: 4.5 | AJ5: =AVERAGE('P104'!$AH5:$AI5)*'P104'!$H5 -> 3.7052414 | AK5: 1 | AL5: 0 | AM5: 0 | AN5: =(1*('P104'!$AL5+'P104'!$AM5))*'P104'!$AK5 -> 0 | AO5: 8 | AP5: =SUM('P104'!$U5) -> 13.568011 | AQ5: =SUM(AN5,AJ5,AG5,AC5,X5,('P104'!$AO5)*H5) -> 34.42789 | AR5: ='P104'!$AP5+'P104'!$AQ5 -> 47.9959
A6: guadalme@espol.edu.ec | B6: 202312005 | C6: ALMEIDA LUNA GUSTAVO ADOLFO | D6: 10 | F6: 1.0574874 | G6: 1.0880754 | H6: 1.1023964 | I6: 1.5 | J6: 2 | K6: 4.05 | L6: =IF(I6<1.79,SUM(I6:J6), SUM('P104'!$Q6:$S6)) -> 3.5 | M6: 2.25 | N6: 2 | O6: 4.05 | P6: =IF(M6<1.79,SUM(M6:N6), SUM('P104'!$Q6:$S6)) -> 8.3 | Q6: 2.25 | R6: 2 | S6: 4.05 | T6: =IF(Q6<1.79,SUM(Q6:R6), SUM('P104'!$Q6:$S6)) -> 8.3 | U6: =('P104'!$L6+'P104'!$P6+'P104'!$T6)*'P104'!$F6 -> 21.255496 | V6: 3.8 | W6: 6.2 | X6: =SUM('P104'!$V6:$W6)*'P104'!$G6 -> 10.880754 | Y6: 1 | Z6: 3 | AA6: 2.5 | AB6: =IF(SUM('P104'!$Y6:$AA6)>5.9,"SI","NO") -> SI | AC6: =SUM('P104'!$Y6:$AA6) -> 6.5 | AD6: 2 | AE6: 3 | AF6: =IF('P104'!$AG6>5.9,"SI","NO") -> NO | AG6: =SUM('P104'!$AD6:$AE6) -> 5 | AH6: =IF('P104'!$AF6="NO",0," ") -> 0 | AI6: =IF('P104'!$AF6="NO",0," ") -> 0 | AJ6: =AVERAGE('P104'!$AH6:$AI6)*'P104'!$H6 -> 0 | AK6: 0 | AL6: 0 | AM6: 0 | AN6: =(1*('P104'!$AL6+'P104'!$AM6))*'P104'!$AK6 -> 0 | AO6: 5 | AP6: =SUM('P104'!$U6) -> 21.255496 | AQ6: =SUM(AN6,AJ6,AG6,AC6,X6,('P104'!$AO6)*H6) -> 27.892736 | AR6: ='P104'!$AP6+'P104'!$AQ6 -> 49.148232
A7: josealva@espol.edu.ec | B7: 202406815 | C7: ALVARADO SOLIS JOSE JARED | D7: 1 | F7: 0.94135745 | G7: 1.0165666 | H7: 1.0230058 | I7: 1.5 | J7: 2 | K7: 4.6 | L7: =IF(I7<1.79,SUM(I7:J7), SUM('P104'!$Q7:$S7)) -> 3.5 | M7: 2.75 | N7: 2 | O7: 4.1 | P7: =IF(M7<1.79,SUM(M7:N7), SUM('P104'!$Q7:$S7)) -> 8.85 | Q7: 2.75 | R7: 2 | S7: 4.1 | T7: =IF(Q7<1.79,SUM(Q7:R7), SUM('P104'!$Q7:$S7)) -> 8.85 | U7: =('P104'!$L7+'P104'!$P7+'P104'!$T7)*'P104'!$F7 -> 19.956778 | V7: 2.85 | W7: 5.4 | X7: =SUM('P104'!$V7:$W7)*'P104'!$G7 -> 8.3866741 | Y7: 0.5 | Z7: 0 | AA7: 0 | AB7: =IF(SUM('P104'!$Y7:$AA7)>5.9,"SI","NO") -> NO | AC7: =SUM('P104'!$Y7:$AA7) -> 0.5 | AD7: 2 | AE7: 6 | AF7: =IF('P104'!$AG7>5.9,"SI","NO") -> SI | AG7: =SUM('P104'!$AD7:$AE7) -> 8 | AH7: 4.5 | AI7: 5 | AJ7: =AVERAGE('P104'!$AH16:$AI16)*'P104'!$H16 -> 4.2618684 | AK7: 1 | AL7: 0 | AM7: 0 | AN7: =(1*('P104'!$AL7+'P104'!$AM7))*'P104'!$AK7 -> 0 | AO7: 7.25 | AP7: =SUM('P104'!$U7) -> 19.956778 | AQ7: =SUM(AN7,AJ7,AG7,AC7,X7,('P104'!$AO7)*H7) -> 28.565335 | AR7: ='P104'!$AP7+'P104'!$AQ7 -> 48.522113
A8: joalvega@espol.edu.ec | B8: 202313664 | C8: ALVAREZ VEGA JOSE JAVIER | D8: 7 | F8: 0.98543106 | G8: 0.95136568 | H8: 0.92456475 | I8: 3 | J8: 2 | K8: 3.8 | L8: =IF(I8<1.79,SUM(I8:J8), SUM('P104'!$Q8:$S8)) -> 7.75 | M8: 2.25 | N8: 2 | O8: 3.5 | P8: =IF(M8<1.79,SUM(M8:N8), SUM('P104'!$Q8:$S8)) -> 7.75 | Q8: 2.25 | R8: 2 | S8: 3.5 | T8: =IF(Q8<1.79,SUM(Q8:R8), SUM('P104'!$Q8:$S8)) -> 7.75 | U8: =('P104'!$L8+'P104'!$P8+'P104'!$T8)*'P104'!$F8 -> 22.911272 | V8: 3.8 | W8: 6.2 | X8: =SUM('P104'!$V8:$W8)*'P104'!$G8 -> 9.5136568 | Y8: 1.5 | Z8: 0 | AA8: 1.25 | AB8: =IF(SUM('P104'!$Y8:$AA8)>5.9,"SI","NO") -> NO | AC8: =SUM('P104'!$Y8:$AA8) -> 2.75 | AD8: 2 | AE8: 3 | AF8: =IF('P104'!$AG8>5.9,"SI","NO") -> NO | AG8: =SUM('P104'!$AD8:$AE8) -> 5 | AH8: =IF('P104'!$AF8="NO",0," ") -> 0 | AI8: =IF('P104'!$AF8="NO",0," ") -> 0 | AJ8: =AVERAGE('P104'!$AH8:$AI8)*'P104'!$H8 -> 0 | AK8: 0 | AL8: 0 | AM8: 0 | AN8: =(1*('P104'!$AL8+'P104'!$AM8))*'P104'!$AK8 -> 0 | AO8: 6.5 | AP8: =SUM('P104'!$U8) -> 22.911272 | AQ8: =SUM(AN8,AJ8,AG8,AC8,X8,('P104'!$AO8)*H8) -> 23.273328 | AR8: ='P104'!$AP8+'P104'!$AQ8 -> 46.1846
A9: brarteag@espol.edu.ec | B9: 202410064 | C9: ARTEAGA PALMA BRYAN ADONIS | D9: 9 | F9: 0.84397305 | G9: 0.38357064 | H9: 0.5 | I9: 1.5 | J9: 2 | K9: 4.5 | L9: =IF(I9<1.79,SUM(I9:J9), SUM('P104'!$Q9:$S9)) -> 3.5 | M9: 0 | N9: 2 | O9: 4.5 | P9: =IF(M9<1.79,SUM(M9:N9), SUM('P104'!$Q9:$S9)) -> 2 | Q9: 0 | R9: 2 | S9: 4.5 | T9: =IF(Q9<1.79,SUM(Q9:R9), SUM('P104'!$Q9:$S9)) -> 2 | U9: =('P104'!$L9+'P104'!$P9+'P104'!$T9)*'P104'!$F9 -> 6.3297978 | V9: 3.7 | W9: 6.3 | X9: =SUM('P104'!$V9:$W9)*'P104'!$G9 -> 3.8357064 | Y9: 1 | Z9: 0 | AA9: 0 | AB9: =IF(SUM('P104'!$Y9:$AA9)>5.9,"SI","NO") -> NO | AC9: =SUM('P104'!$Y9:$AA9) -> 1 | AD9: 2 | AE9: 3 | AF9: =IF('P104'!$AG9>5.9,"SI","NO") -> NO | AG9: =SUM('P104'!$AD9:$AE9) -> 5 | AH9: =IF('P104'!$AF9="NO",0," ") -> 0 | AI9: =IF('P104'!$AF9="NO",0," ") -> 0 | AJ9: =AVERAGE('P104'!$AH9:$AI9)*'P104'!$H9 -> 0 | AK9: 0 | AL9: 0 | AM9: 0 | AN9: =(1*('P104'!$AL9+'P104'!$AM9))*'P104'!$AK9 -> 0 | AO9: 6.5 | AP9: =SUM('P104'!$U9) -> 6.3297978 | AQ9: =SUM(AN9,AJ9,AG9,AC9,X9,('P104'!$AO9)*H9) -> 13.085706 | AR9: ='P104'!$AP9+'P104'!$AQ9 -> 19.415504
A10: cebarber@espol.edu.ec | B10: 202510095 | C10: BARBERAN CHAMBA CESAR GABRIEL | D10: 8 | F10: 1.0717826 | G10: 1.0776318 | H10: 1.1070186 | I10: 2.25 | J10: 2 | K10: 2 | L10: =IF(I10<1.79,SUM(I10:J10), SUM('P104'!$Q10:$S10)) -> 7.6 | M10: 2.25 | N10: 2 | O10: 3.35 | P10: =IF(M10<1.79,SUM(M10:N10), SUM('P104'!$Q10:$S10)) -> 7.6 | Q10: 2.25 | R10: 2 | S10: 3.35 | T10: =IF(Q10<1.79,SUM(Q10:R10), SUM('P104'!$Q10:$S10)) -> 7.6 | U10: =('P104'!$L10+'P104'!$P10+'P104'!$T10)*'P104'!$F10 -> 24.436643 | V10: 3.8 | W10: 6.9 | X10: =SUM('P104'!$V10:$W10)*'P104'!$G10 -> 11.53066 | Y10: 1.5 | Z10: 0 | AA10: 1.25 | AB10: =IF(SUM('P104'!$Y10:$AA10)>5.9,"SI","NO") -> NO | AC10: =SUM('P104'!$Y10:$AA10) -> 2.75 | AD10: 2 | AE10: 4 | AF10: =IF('P104'!$AG10>5.9,"SI","NO") -> SI | AG10: =SUM('P104'!$AD10:$AE10) -> 6 | AH10: 3.5 | AI10: 4 | AJ10: =AVERAGE('P104'!$AH10:$AI10)*'P104'!$H10 -> 4.1513198 | AK10: 1 | AL10: 0 | AM10: 0 | AN10: =(1*('P104'!$AL10+'P104'!$AM10))*'P104'!$AK10 -> 0 | AO10: 6.25 | AP10: =SUM('P104'!$U10) -> 24.436643 | AQ10: =SUM(AN10,AJ10,AG10,AC10,X10,('P104'!$AO10)*H10) -> 31.350846 | AR10: ='P104'!$AP10+'P104'!$AQ10 -> 55.78749
A11: dylbazan@espol.edu.ec | B11: 202503306 | C11: BAZAN CHAFLA DYLAN JOEL | D11: 9 | F11: 1.0895645 | G11: 1.1976989 | H11: 0.5 | I11: 0.75 | J11: 2 | K11: 4.5 | L11: =IF(I11<1.79,SUM(I11:J11), SUM('P104'!$Q11:$S11)) -> 2.75 | M11: 0.75 | N11: 2 | O11: 4.5 | P11: =IF(M11<1.79,SUM(M11:N11), SUM('P104'!$Q11:$S11)) -> 2.75 | Q11: 0.75 | R11: 2 | S11: 4.5 | T11: =IF(Q11<1.79,SUM(Q11:R11), SUM('P104'!$Q11:$S11)) -> 2.75 | U11: =('P104'!$L11+'P104'!$P11+'P104'!$T11)*'P104'!$F11 -> 8.9889073 | V11: 3.7 | W11: 6.3 | X11: =SUM('P104'!$V11:$W11)*'P104'!$G11 -> 11.976989 | Y11: 1 | Z11: 1.5 | AA11: 3.75 | AB11: =IF(SUM('P104'!$Y11:$AA11)>5.9,"SI","NO") -> SI | AC11: =SUM('P104'!$Y11:$AA11) -> 6.25 | AD11: 2 | AE11: 3 | AF11: =IF('P104'!$AG11>5.9,"SI","NO") -> NO | AG11: =SUM('P104'!$AD11:$AE11) -> 5 | AH11: =IF('P104'!$AF11="NO",0," ") -> 0 | AI11: =IF('P104'!$AF11="NO",0," ") -> 0 | AJ11: =AVERAGE('P104'!$AH11:$AI11)*'P104'!$H11 -> 0 | AK11: 0 | AL11: 0 | AM11: 0 | AN11: =(1*('P104'!$AL11+'P104'!$AM11))*'P104'!$AK11 -> 0 | AO11: 6.5 | AP11: =SUM('P104'!$U11) -> 8.9889073 | AQ11: =SUM(AN11,AJ11,AG11,AC11,X11,('P104'!$AO11)*H11) -> 26.476989 | AR11: ='P104'!$AP11+'P104'!$AQ11 -> 35.465897
A12: gabernal@espol.edu.ec | B12: 202412284 | C12: BERNAL AGUIRRE GABRIELA ISABEL | D12: 7 | F12: 1.0112998 | G12: 1.0225919 | H12: 0.5 | I12: 2.25 | J12: 2 | K12: 3.8 | L12: =IF(I12<1.79,SUM(I12:J12), SUM('P104'!$Q12:$S12)) -> 8.5 | M12: 3 | N12: 2 | O12: 3.5 | P12: =IF(M12<1.79,SUM(M12:N12), SUM('P104'!$Q12:$S12)) -> 8.5 | Q12: 3 | R12: 2 | S12: 3.5 | T12: =IF(Q12<1.79,SUM(Q12:R12), SUM('P104'!$Q12:$S12)) -> 8.5 | U12: =('P104'!$L12+'P104'!$P12+'P104'!$T12)*'P104'!$F12 -> 25.788145 | V12: 3.8 | W12: 6.2 | X12: =SUM('P104'!$V12:$W12)*'P104'!$G12 -> 10.225919 | Y12: 1 | Z12: 0 | AA12: 2.5 | AB12: =IF(SUM('P104'!$Y12:$AA12)>5.9,"SI","NO") -> NO | AC12: =SUM('P104'!$Y12:$AA12) -> 3.5 | AD12: 2 | AE12: 3 | AF12: =IF('P104'!$AG12>5.9,"SI","NO") -> NO | AG12: =SUM('P104'!$AD12:$AE12) -> 5 | AH12: =IF('P104'!$AF12="NO",0," ") -> 0 | AI12: =IF('P104'!$AF12="NO",0," ") -> 0 | AJ12: =AVERAGE('P104'!$AH12:$AI12)*'P104'!$H12 -> 0 | AK12: 0 | AL12: 0 | AM12: 0 | AN12: =(1*('P104'!$AL12+'P104'!$AM12))*'P104'!$AK12 -> 0 | AO12: 6.5 | AP12: =SUM('P104'!$U12) -> 25.788145 | AQ12: =SUM(AN12,AJ12,AG12,AC12,X12,('P104'!$AO12)*H12) -> 21.975919 | AR12: ='P104'!$AP12+'P104'!$AQ12 -> 47.764064
A13: luisbrav@espol.edu.ec | B13: 202507521 | C13: BRAVO BRIONES LUIS ALFREDO | D13: 2 | F13: 0.92593126 | G13: 1.0441801 | H13: 1.1364329 | I13: 3 | J13: 2 | K13: 4.05 | L13: =IF(I13<1.79,SUM(I13:J13), SUM('P104'!$Q13:$S13)) -> 8.25 | M13: 1.5 | N13: 2 | O13: 4.75 | P13: =IF(M13<1.79,SUM(M13:N13), SUM('P104'!$Q13:$S13)) -> 3.5 | Q13: 1.5 | R13: 2 | S13: 4.75 | T13: =IF(Q13<1.79,SUM(Q13:R13), SUM('P104'!$Q13:$S13)) -> 3.5 | U13: =('P104'!$L13+'P104'!$P13+'P104'!$T13)*'P104'!$F13 -> 14.120452 | V13: 4.45 | W13: 6.4 | X13: =SUM('P104'!$V13:$W13)*'P104'!$G13 -> 11.329354 | Y13: 1.5 | Z13: 0 | AA13: 1.25 | AB13: =IF(SUM('P104'!$Y13:$AA13)>5.9,"SI","NO") -> NO | AC13: =SUM('P104'!$Y13:$AA13) -> 2.75 | AD13: 1.5 | AE13: 3 | AF13: =IF('P104'!$AG13>5.9,"SI","NO") -> NO | AG13: =SUM('P104'!$AD13:$AE13) -> 4.5 | AH13: =IF('P104'!$AF13="NO",0," ") -> 0 | AI13: =IF('P104'!$AF13="NO",0," ") -> 0 | AJ13: =AVERAGE('P104'!$AH13:$AI13)*'P104'!$H13 -> 0 | AK13: 0 | AL13: 0 | AM13: 0 | AN13: =(1*('P104'!$AL13+'P104'!$AM13))*'P104'!$AK13 -> 0 | AO13: 6 | AP13: =SUM('P104'!$U13) -> 14.120452 | AQ13: =SUM(AN13,AJ13,AG13,AC13,X13,('P104'!$AO13)*H13) -> 25.397951 | AR13: ='P104'!$AP13+'P104'!$AQ13 -> 39.518403
A14: toatl 5 | B14: 202318572 | C14: CALDAS CORREA ESTEBAN ANDRES | D14: 7 | F14: 0.97489139 | G14: 0.97418345 | H14: 0.92456475 | I14: 1.5 | J14: 2 | K14: 3.8 | L14: =IF(I14<1.79,SUM(I14:J14), SUM('P104'!$Q14:$S14)) -> 3.5 | M14: 2.75 | N14: 2 | O14: 3.5 | P14: =IF(M14<1.79,SUM(M14:N14), SUM('P104'!$Q14:$S14)) -> 8.25 | Q14: 2.75 | R14: 2 | S14: 3.5 | T14: =IF(Q14<1.79,SUM(Q14:R14), SUM('P104'!$Q14:$S14)) -> 8.25 | U14: =('P104'!$L14+'P104'!$P14+'P104'!$T14)*'P104'!$F14 -> 19.497828 | V14: 3.8 | W14: 6.2 | X14: =SUM('P104'!$V14:$W14)*'P104'!$G14 -> 9.7418345 | Y14: 2 | Z14: 3 | AA14: 5 | AB14: =IF(SUM('P104'!$Y14:$AA14)>5.9,"SI","NO") -> SI | AC14: =SUM('P104'!$Y14:$AA14) -> 10 | AD14: 2 | AE14: 3 | AF14: =IF('P104'!$AG14>5.9,"SI","NO") -> NO | AG14: =SUM('P104'!$AD14:$AE14) -> 5 | AH14: =IF('P104'!$AF14="NO",0," ") -> 0 | AI14: =IF('P104'!$AF14="NO",0," ") -> 0 | AJ14: =AVERAGE('P104'!$AH14:$AI14)*'P104'!$H14 -> 0 | AK14: 0 | AL14: 0 | AM14: 0 | AN14: =(1*('P104'!$AL14+'P104'!$AM14))*'P104'!$AK14 -> 0 | AO14: 6.5 | AP14: =SUM('P104'!$U14) -> 19.497828 | AQ14: =SUM(AN14,AJ14,AG14,AC14,X14,('P104'!$AO14)*H14) -> 30.751505 | AR14: ='P104'!$AP14+'P104'!$AQ14 -> 50.249333
A15: gacarpio@espol.edu.ec | B15: 202410759 | C15: CARPIO VALENCIA GABRIEL ALEJANDRO | D15: 6 | F15: 0.94077493 | G15: 0.9490106 | H15: 0.90971765 | I15: 3 | J15: 2 | K15: 4.45 | L15: =IF(I15<1.79,SUM(I15:J15), SUM('P104'!$Q15:$S15)) -> 7.85 | M15: 2.75 | N15: 2 | O15: 3.1 | P15: =IF(M15<1.79,SUM(M15:N15), SUM('P104'!$Q15:$S15)) -> 7.85 | Q15: 2.75 | R15: 2 | S15: 3.1 | T15: =IF(Q15<1.79,SUM(Q15:R15), SUM('P104'!$Q15:$S15)) -> 7.85 | U15: =('P104'!$L15+'P104'!$P15+'P104'!$T15)*'P104'!$F15 -> 22.15525 | V15: 3.95 | W15: 6.5 | X15: =SUM('P104'!$V15:$W15)*'P104'!$G15 -> 9.9171608 | Y15: 1.5 | Z15: 0 | AA15: 0 | AB15: =IF(SUM('P104'!$Y15:$AA15)>5.9,"SI","NO") -> NO | AC15: =SUM('P104'!$Y15:$AA15) -> 1.5 | AD15: 2 | AE15: 3 | AF15: =IF('P104'!$AG15>5.9,"SI","NO") -> NO | AG15: =SUM('P104'!$AD15:$AE15) -> 5 | AH15: =IF('P104'!$AF15="NO",0," ") -> 0 | AI15: =IF('P104'!$AF15="NO",0," ") -> 0 | AJ15: =AVERAGE('P104'!$AH15:$AI15)*'P104'!$H15 -> 0 | AK15: 0 | AL15: 0 | AM15: 0 | AN15: =(1*('P104'!$AL15+'P104'!$AM15))*'P104'!$AK15 -> 0 | AO15: 7 | AP15: =SUM('P104'!$U15) -> 22.15525 | AQ15: =SUM(AN15,AJ15,AG15,AC15,X15,('P104'!$AO15)*H15) -> 22.785184 | AR15: ='P104'!$AP15+'P104'!$AQ15 -> 44.940434
A16: sanching@espol.edu.ec | B16: 202500989 | C16: CHINGA ALARCON SANTIAGO ALEXANDER | D16: 1 | F16: 1.0005127 | G16: 0.95012991 | H16: 0.89723545 | I16: 2.25 | J16: 2 | K16: 4.6 | L16: =IF(I16<1.79,SUM(I16:J16), SUM('P104'!$Q16:$S16)) -> 8.35 | M16: 2.25 | N16: 2 | O16: 4.1 | P16: =IF(M16<1.79,SUM(M16:N16), SUM('P104'!$Q16:$S16)) -> 8.35 | Q16: 2.25 | R16: 2 | S16: 4.1 | T16: =IF(Q16<1.79,SUM(Q16:R16), SUM('P104'!$Q16:$S16)) -> 8.35 | U16: =('P104'!$L16+'P104'!$P16+'P104'!$T16)*'P104'!$F16 -> 25.062843 | V16: 2.85 | W16: 5.4 | X16: =SUM('P104'!$V16:$W16)*'P104'!$G16 -> 7.8385717 | Y16: 2 | Z16: 0 | AA16: 5 | AB16: =IF(SUM('P104'!$Y16:$AA16)>5.9,"SI","NO") -> SI | AC16: =SUM('P104'!$Y16:$AA16) -> 7 | AD16: 2 | AE16: 6 | AF16: =IF('P104'!$AG16>5.9,"SI","NO") -> SI | AG16: =SUM('P104'!$AD16:$AE16) -> 8 | AH16: 4.5 | AI16: 5 | AJ16: =AVERAGE('P104'!$AH24:$AI24)*'P104'!$H24 -> 3.7438675 | AK16: 1 | AL16: 5 | AM16: 1 | AN16: =(1*('P104'!$AL16+'P104'!$AM16))*'P104'!$AK16 -> 6 | AO16: 7.25 | AP16: =SUM('P104'!$U16) -> 25.062843 | AQ16: =SUM(AN16,AJ16,AG16,AC16,X16,('P104'!$AO16)*H16) -> 39.087396 | AR16: ='P104'!$AP16+'P104'!$AQ16 -> 64.150239
A17: danchoez@espol.edu.ec | B17: 202501755 | C17: CHOEZ REYES DANNY JOEL | D17: 9 | F17: 0.9154173 | G17: 1.2129569 | H17: 1 | I17: 2.25 | J17: 2 | K17: 4.5 | L17: =IF(I17<1.79,SUM(I17:J17), SUM('P104'!$Q17:$S17)) -> 9.5 | M17: 3 | N17: 2 | O17: 4.5 | P17: =IF(M17<1.79,SUM(M17:N17), SUM('P104'!$Q17:$S17)) -> 9.5 | Q17: 3 | R17: 2 | S17: 4.5 | T17: =IF(Q17<1.79,SUM(Q17:R17), SUM('P104'!$Q17:$S17)) -> 9.5 | U17: =('P104'!$L17+'P104'!$P17+'P104'!$T17)*'P104'!$F17 -> 26.089393 | V17: 3.7 | W17: 6.3 | X17: =SUM('P104'!$V17:$W17)*'P104'!$G17 -> 12.129569 | Y17: 0 | Z17: 3 | AA17: 1.25 | AB17: =IF(SUM('P104'!$Y17:$AA17)>5.9,"SI","NO") -> NO | AC17: =SUM('P104'!$Y17:$AA17) -> 4.25 | AD17: 2 | AE17: 3 | AF17: =IF('P104'!$AG17>5.9,"SI","NO") -> NO | AG17: =SUM('P104'!$AD17:$AE17) -> 5 | AH17: =IF('P104'!$AF17="NO",0," ") -> 0 | AI17: =IF('P104'!$AF17="NO",0," ") -> 0 | AJ17: =AVERAGE('P104'!$AH17:$AI17)*'P104'!$H17 -> 0 | AK17: 0 | AL17: 0 | AM17: 0 | AN17: =(1*('P104'!$AL17+'P104'!$AM17))*'P104'!$AK17 -> 0 | AO17: 6.5 | AP17: =SUM('P104'!$U17) -> 26.089393 | AQ17: =SUM(AN17,AJ17,AG17,AC17,X17,('P104'!$AO17)*H17) -> 27.879569 | AR17: ='P104'!$AP17+'P104'!$AQ17 -> 53.968962
A18: cescontr@espol.edu.ec | B18: 202411724 | C18: CONTRERAS SANTILLAN CESAR MATEO | D18: 3 | F18: 1.0747772 | G18: 1.0846523 | H18: 0.99611649 | I18: 1.5 | J18: 2 | K18: 3.95 | L18: =IF(I18<1.79,SUM(I18:J18), SUM('P104'!$Q18:$S18)) -> 3.5 | M18: 0.5 | N18: 2 | O18: 0 | P18: =IF(M18<1.79,SUM(M18:N18), SUM('P104'!$Q18:$S18)) -> 2.5 | Q18: 0.5 | R18: 2 | S18: 0 | T18: =IF(Q18<1.79,SUM(Q18:R18), SUM('P104'!$Q18:$S18)) -> 2.5 | U18: =('P104'!$L18+'P104'!$P18+'P104'!$T18)*'P104'!$F18 -> 9.1356058 | V18: 3.95 | W18: 7.7 | X18: =SUM('P104'!$V18:$W18)*'P104'!$G18 -> 12.636199 | Y18: 1 | Z18: 0 | AA18: 2.5 | AB18: =IF(SUM('P104'!$Y18:$AA18)>5.9,"SI","NO") -> NO | AC18: =SUM('P104'!$Y18:$AA18) -> 3.5 | AD18: 1.5 | AE18: 5 | AF18: =IF('P104'!$AG18>5.9,"SI","NO") -> SI | AG18: =SUM('P104'!$AD18:$AE18) -> 6.5 | AH18: 4.75 | AI18: 5 | AJ18: =AVERAGE('P104'!$AH18:$AI18)*'P104'!$H18 -> 4.8560679 | AK18: 1 | AL18: 0 | AM18: 0 | AN18: =(1*('P104'!$AL18+'P104'!$AM18))*'P104'!$AK18 -> 0 | AO18: 9 | AP18: =SUM('P104'!$U18) -> 9.1356058 | AQ18: =SUM(AN18,AJ18,AG18,AC18,X18,('P104'!$AO18)*H18) -> 36.457315 | AR18: ='P104'!$AP18+'P104'!$AQ18 -> 45.592921
A19: javcurim@espol.edu.ec | B19: 202416095 | C19: CURIMILMA GONZALEZ JAVIER ELKIN | D19: 10 | F19: 0.80855639 | G19: 0.68648698 | H19: 0.60380736 | I19: 2.25 | J19: 2 | K19: 4.05 | L19: =IF(I19<1.79,SUM(I19:J19), SUM('P104'!$Q19:$S19)) -> 8.3 | M19: 2.25 | N19: 2 | O19: 4.05 | P19: =IF(M19<1.79,SUM(M19:N19), SUM('P104'!$Q19:$S19)) -> 8.3 | Q19: 2.25 | R19: 2 | S19: 4.05 | T19: =IF(Q19<1.79,SUM(Q19:R19), SUM('P104'!$Q19:$S19)) -> 8.3 | U19: =('P104'!$L19+'P104'!$P19+'P104'!$T19)*'P104'!$F19 -> 20.133054 | V19: 3.8 | W19: 6.2 | X19: =SUM('P104'!$V19:$W19)*'P104'!$G19 -> 6.8648698 | Y19: 0.5 | Z19: 3 | AA19: 3.75 | AB19: =IF(SUM('P104'!$Y19:$AA19)>5.9,"SI","NO") -> SI | AC19: =SUM('P104'!$Y19:$AA19) -> 7.25 | AD19: 2 | AE19: 3 | AF19: =IF('P104'!$AG19>5.9,"SI","NO") -> NO | AG19: =SUM('P104'!$AD19:$AE19) -> 5 | AH19: =IF('P104'!$AF19="NO",0," ") -> 0 | AI19: =IF('P104'!$AF19="NO",0," ") -> 0 | AJ19: =AVERAGE('P104'!$AH19:$AI19)*'P104'!$H19 -> 0 | AK19: 0 | AL19: 0 | AM19: 0 | AN19: =(1*('P104'!$AL19+'P104'!$AM19))*'P104'!$AK19 -> 0 | AO19: 5 | AP19: =SUM('P104'!$U19) -> 20.133054 | AQ19: =SUM(AN19,AJ19,AG19,AC19,X19,('P104'!$AO19)*H19) -> 22.133907 | AR19: ='P104'!$AP19+'P104'!$AQ19 -> 42.266961
A20: jestorre@espol.edu.ec | B20: 202505269 | C20: DELGADO TORRES JESUS ADRIAN | D20: 2 | F20: 0.9562977 | G20: 0.5 | H20: 0.5 | I20: 2.25 | J20: 2 | K20: 4.05 | L20: =IF(I20<1.79,SUM(I20:J20), SUM('P104'!$Q20:$S20)) -> 9 | M20: 2.25 | N20: 2 | O20: 4.75 | P20: =IF(M20<1.79,SUM(M20:N20), SUM('P104'!$Q20:$S20)) -> 9 | Q20: 2.25 | R20: 2 | S20: 4.75 | T20: =IF(Q20<1.79,SUM(Q20:R20), SUM('P104'!$Q20:$S20)) -> 9 | U20: =('P104'!$L20+'P104'!$P20+'P104'!$T20)*'P104'!$F20 -> 25.820038 | V20: 4.45 | W20: 6.4 | X20: =SUM('P104'!$V20:$W20)*'P104'!$G20 -> 5.425 | Y20: 1.5 | Z20: 0 | AA20: 0 | AB20: =IF(SUM('P104'!$Y20:$AA20)>5.9,"SI","NO") -> NO | AC20: =SUM('P104'!$Y20:$AA20) -> 1.5 | AD20: 1.5 | AE20: 3 | AF20: =IF('P104'!$AG20>5.9,"SI","NO") -> NO | AG20: =SUM('P104'!$AD20:$AE20) -> 4.5 | AH20: =IF('P104'!$AF20="NO",0," ") -> 0 | AI20: =IF('P104'!$AF20="NO",0," ") -> 0 | AJ20: =AVERAGE('P104'!$AH20:$AI20)*'P104'!$H20 -> 0 | AK20: 0 | AL20: 0 | AM20: 0 | AN20: =(1*('P104'!$AL20+'P104'!$AM20))*'P104'!$AK20 -> 0 | AO20: 6 | AP20: =SUM('P104'!$U20) -> 25.820038 | AQ20: =SUM(AN20,AJ20,AG20,AC20,X20,('P104'!$AO20)*H20) -> 14.425 | AR20: ='P104'!$AP20+'P104'!$AQ20 -> 40.245038
A21: anadiaz@espol.edu.ec | B21: 202507257 | C21: DIAZ RUGEL ANA PAULA | D21: 3 | F21: 1.2639392 | G21: 1.2366939 | H21: 1.3177383 | I21: 1.5 | J21: 2 | K21: 3.95 | L21: =IF(I21<1.79,SUM(I21:J21), SUM('P104'!$Q21:$S21)) -> 3.5 | M21: 0.75 | N21: 2 | O21: 4.95 | P21: =IF(M21<1.79,SUM(M21:N21), SUM('P104'!$Q21:$S21)) -> 2.75 | Q21: 0.75 | R21: 2 | S21: 4.95 | T21: =IF(Q21<1.79,SUM(Q21:R21), SUM('P104'!$Q21:$S21)) -> 2.75 | U21: =('P104'!$L21+'P104'!$P21+'P104'!$T21)*'P104'!$F21 -> 11.375453 | V21: 3.95 | W21: 7.7 | X21: =SUM('P104'!$V21:$W21)*'P104'!$G21 -> 14.407484 | Y21: 0.5 | Z21: 3 | AA21: 2.5 | AB21: =IF(SUM('P104'!$Y21:$AA21)>5.9,"SI","NO") -> SI | AC21: =SUM('P104'!$Y21:$AA21) -> 6 | AD21: 1.5 | AE21: 5 | AF21: =IF('P104'!$AG21>5.9,"SI","NO") -> SI | AG21: =SUM('P104'!$AD21:$AE21) -> 6.5 | AH21: 4.75 | AI21: 5 | AJ21: =AVERAGE('P104'!$AH21:$AI21)*'P104'!$H21 -> 6.423974 | AK21: 1 | AL21: 9.5 | AM21: 8 | AN21: =(1*('P104'!$AL21+'P104'!$AM21))*'P104'!$AK21 -> 17.5 | AO21: 9 | AP21: =SUM('P104'!$U21) -> 11.375453 | AQ21: =SUM(AN21,AJ21,AG21,AC21,X21,('P104'!$AO21)*H21) -> 62.691102 | AR21: ='P104'!$AP21+'P104'!$AQ21 -> 74.066555
A22: ivamifaj@espol.edu.ec | B22: 202312294 | C22: FAJARDO CANALES IVANNA MISELL | D22: 5 | F22: 1.0497122 | G22: 1.0613587 | H22: 1.0401304 | I22: 2.25 | J22: 2 | K22: 4.65 | L22: =IF(I22<1.79,SUM(I22:J22), SUM('P104'!$Q22:$S22)) -> 8.45 | M22: 2.25 | N22: 2 | O22: 4.2 | P22: =IF(M22<1.79,SUM(M22:N22), SUM('P104'!$Q22:$S22)) -> 8.45 | Q22: 2.25 | R22: 2 | S22: 4.2 | T22: =IF(Q22<1.79,SUM(Q22:R22), SUM('P104'!$Q22:$S22)) -> 8.45 | U22: =('P104'!$L22+'P104'!$P22+'P104'!$T22)*'P104'!$F22 -> 26.610205 | V22: 3.8 | W22: 5.8 | X22: =SUM('P104'!$V22:$W22)*'P104'!$G22 -> 10.189043 | Y22: 1 | Z22: 3 | AA22: 2.5 | AB22: =IF(SUM('P104'!$Y22:$AA22)>5.9,"SI","NO") -> SI | AC22: =SUM('P104'!$Y22:$AA22) -> 6.5 | AD22: 0.5 | AE22: 6 | AF22: =IF('P104'!$AG22>5.9,"SI","NO") -> SI | AG22: =SUM('P104'!$AD22:$AE22) -> 6.5 | AH22: 3.6 | AI22: 1.5 | AJ22: =AVERAGE('P104'!$AH22:$AI22)*'P104'!$H22 -> 2.6523326 | AK22: 1 | AL22: 4 | AM22: 6 | AN22: =(1*('P104'!$AL22+'P104'!$AM22))*'P104'!$AK22 -> 10 | AO22: 7.25 | AP22: =SUM('P104'!$U22) -> 26.610205 | AQ22: =SUM(AN22,AJ22,AG22,AC22,X22,('P104'!$AO22)*H22) -> 43.382322 | AR22: ='P104'!$AP22+'P104'!$AQ22 -> 69.992526
A23: jergonza@espol.edu.ec | B23: 202505442 | C23: GONZALEZ SOLANO JEREMI ALEXANDER | D23: 6 | F23: 1.0559084 | G23: 1.0475249 | H23: 1.0985884 | I23: 2.25 | J23: 2 | K23: 4.45 | L23: =IF(I23<1.79,SUM(I23:J23), SUM('P104'!$Q23:$S23)) -> 7.1 | M23: 2 | N23: 2 | O23: 3.1 | P23: =IF(M23<1.79,SUM(M23:N23), SUM('P104'!$Q23:$S23)) -> 7.1 | Q23: 2 | R23: 2 | S23: 3.1 | T23: =IF(Q23<1.79,SUM(Q23:R23), SUM('P104'!$Q23:$S23)) -> 7.1 | U23: =('P104'!$L23+'P104'!$P23+'P104'!$T23)*'P104'!$F23 -> 22.490849 | V23: 3.95 | W23: 6.5 | X23: =SUM('P104'!$V23:$W23)*'P104'!$G23 -> 10.946636 | Y23: 1.5 | Z23: 0 | AA23: 5 | AB23: =IF(SUM('P104'!$Y23:$AA23)>5.9,"SI","NO") -> SI | AC23: =SUM('P104'!$Y23:$AA23) -> 6.5 | AD23: 2 | AE23: 3 | AF23: =IF('P104'!$AG23>5.9,"SI","NO") -> NO | AG23: =SUM('P104'!$AD23:$AE23) -> 5 | AH23: =IF('P104'!$AF23="NO",0," ") -> 0 | AI23: =IF('P104'!$AF23="NO",0," ") -> 0 | AJ23: =AVERAGE('P104'!$AH23:$AI23)*'P104'!$H23 -> 0 | AK23: 0 | AL23: 0 | AM23: 0 | AN23: =(1*('P104'!$AL23+'P104'!$AM23))*'P104'!$AK23 -> 0 | AO23: 7 | AP23: =SUM('P104'!$U23) -> 22.490849 | AQ23: =SUM(AN23,AJ23,AG23,AC23,X23,('P104'!$AO23)*H23) -> 30.136755 | AR23: ='P104'!$AP23+'P104'!$AQ23 -> 52.627603
A24: manujumb@espol.edu.ec | B24: 202510541 | C24: JUMBO BUSTAMANTE MANUEL SEBASTIAN | D24: 8 | F24: 0.5 | G24: 0.99460912 | H24: 0.99836468 | I24: 3 | J24: 2 | K24: 2 | L24: =IF(I24<1.79,SUM(I24:J24), SUM('P104'!$Q24:$S24)) -> 8.1 | M24: 2.75 | N24: 2 | O24: 3.35 | P24: =IF(M24<1.79,SUM(M24:N24), SUM('P104'!$Q24:$S24)) -> 8.1 | Q24: 2.75 | R24: 2 | S24: 3.35 | T24: =IF(Q24<1.79,SUM(Q24:R24), SUM('P104'!$Q24:$S24)) -> 8.1 | U24: =('P104'!$L24+'P104'!$P24+'P104'!$T24)*'P104'!$F24 -> 12.15 | V24: 3.8 | W24: 6.9 | X24: =SUM('P104'!$V24:$W24)*'P104'!$G24 -> 10.642318 | Y24: 1.5 | Z24: 1.5 | AA24: 3.75 | AB24: =IF(SUM('P104'!$Y24:$AA24)>5.9,"SI","NO") -> SI | AC24: =SUM('P104'!$Y24:$AA24) -> 6.75 | AD24: 2 | AE24: 4 | AF24: =IF('P104'!$AG24>5.9,"SI","NO") -> SI | AG24: =SUM('P104'!$AD24:$AE24) -> 6 | AH24: 3.5 | AI24: 4 | AJ24: =AVERAGE('P104'!$AH24:$AI24)*'P104'!$H24 -> 3.7438675 | AK24: 1 | AL24: 4 | AM24: 5 | AN24: =(1*('P104'!$AL24+'P104'!$AM24))*'P104'!$AK24 -> 9 | AO24: 6.25 | AP24: =SUM('P104'!$U24) -> 12.15 | AQ24: =SUM(AN24,AJ24,AG24,AC24,X24,('P104'!$AO24)*H24) -> 42.375964 | AR24: ='P104'!$AP24+'P104'!$AQ24 -> 54.525964
A26: salamill@espol.edu.ec | B26: 202411880 | C26: LAMILLA QUIJIJE SAMUEL LEONARDO | D26: 2 | F26: 0.5 | G26: 0.95205249 | H26: 0.91491544 | I26: 3 | J26: 2 | K26: 4.05 | L26: =IF(I26<1.79,SUM(I26:J26), SUM('P104'!$Q26:$S26)) -> 9.75 | M26: 3 | N26: 2 | O26: 4.75 | P26: =IF(M26<1.79,SUM(M26:N26), SUM('P104'!$Q26:$S26)) -> 9.75 | Q26: 3 | R26: 2 | S26: 4.75 | T26: =IF(Q26<1.79,SUM(Q26:R26), SUM('P104'!$Q26:$S26)) -> 9.75 | U26: =('P104'!$L26+'P104'!$P26+'P104'!$T26)*'P104'!$F26 -> 14.625 | V26: 4.45 | W26: 6.4 | X26: =SUM('P104'!$V26:$W26)*'P104'!$G26 -> 10.32977 | Y26: 0.5 | Z26: 1.5 | AA26: 1.25 | AB26: =IF(SUM('P104'!$Y26:$AA26)>5.9,"SI","NO") -> NO | AC26: =SUM('P104'!$Y26:$AA26) -> 3.25 | AD26: 1.5 | AE26: 3 | AF26: =IF('P104'!$AG26>5.9,"SI","NO") -> NO | AG26: =SUM('P104'!$AD26:$AE26) -> 4.5 | AH26: =IF('P104'!$AF26="NO",0," ") -> 0 | AI26: =IF('P104'!$AF26="NO",0," ") -> 0 | AJ26: =AVERAGE('P104'!$AH26:$AI26)*'P104'!$H26 -> 0 | AK26: 0 | AL26: 0 | AM26: 0 | AN26: =(1*('P104'!$AL26+'P104'!$AM26))*'P104'!$AK26 -> 0 | AO26: 6 | AP26: =SUM('P104'!$U26) -> 14.625 | AQ26: =SUM(AN26,AJ26,AG26,AC26,X26,('P104'!$AO26)*H26) -> 23.569262 | AR26: ='P104'!$AP26+'P104'!$AQ26 -> 38.194262
A27: emilloor@espol.edu.ec | B27: 202403416 | C27: LOOR LEON EMILIANO MAURICIO | D27: 8 | F27: 1.0005127 | G27: 0.98918887 | H27: 0.93933644 | I27: 3 | J27: 2 | K27: 2 | L27: =IF(I27<1.79,SUM(I27:J27), SUM('P104'!$Q27:$S27)) -> 7.6 | M27: 2.25 | N27: 2 | O27: 3.35 | P27: =IF(M27<1.79,SUM(M27:N27), SUM('P104'!$Q27:$S27)) -> 7.6 | Q27: 2.25 | R27: 2 | S27: 3.35 | T27: =IF(Q27<1.79,SUM(Q27:R27), SUM('P104'!$Q27:$S27)) -> 7.6 | U27: =('P104'!$L27+'P104'!$P27+'P104'!$T27)*'P104'!$F27 -> 22.811689 | V27: 3.8 | W27: 6.9 | X27: =SUM('P104'!$V27:$W27)*'P104'!$G27 -> 10.584321 | Y27: 1 | Z27: 3 | AA27: 5 | AB27: =IF(SUM('P104'!$Y27:$AA27)>5.9,"SI","NO") -> SI | AC27: =SUM('P104'!$Y27:$AA27) -> 9 | AD27: 2 | AE27: 4 | AF27: =IF('P104'!$AG27>5.9,"SI","NO") -> SI | AG27: =SUM('P104'!$AD27:$AE27) -> 6 | AH27: 3.5 | AI27: 4 | AJ27: =AVERAGE('P104'!$AH27:$AI27)*'P104'!$H27 -> 3.5225116 | AK27: 1 | AL27: 3.5 | AM27: 5.5 | AN27: =(1*('P104'!$AL27+'P104'!$AM27))*'P104'!$AK27 -> 9 | AO27: 6.25 | AP27: =SUM('P104'!$U27) -> 22.811689 | AQ27: =SUM(AN27,AJ27,AG27,AC27,X27,('P104'!$AO27)*H27) -> 43.977685 | AR27: ='P104'!$AP27+'P104'!$AQ27 -> 66.789375
A28: jhonguay@espol.edu.ec | B28: 202506879 | C28: LOPEZ GUAYLLAS JHONSON EMANUEL | D28: 4 | F28: 1.0660036 | G28: 0.9720988 | H28: 1.1046895 | I28: 3 | J28: 2 | K28: 3.95 | L28: =IF(I28<1.79,SUM(I28:J28), SUM('P104'!$Q28:$S28)) -> 7.95 | M28: 2.25 | N28: 2 | O28: 3.7 | P28: =IF(M28<1.79,SUM(M28:N28), SUM('P104'!$Q28:$S28)) -> 7.95 | Q28: 2.25 | R28: 2 | S28: 3.7 | T28: =IF(Q28<1.79,SUM(Q28:R28), SUM('P104'!$Q28:$S28)) -> 7.95 | U28: =('P104'!$L28+'P104'!$P28+'P104'!$T28)*'P104'!$F28 -> 25.424185 | V28: 3.7 | W28: 6.6 | X28: =SUM('P104'!$V28:$W28)*'P104'!$G28 -> 10.012618 | Y28: 1.5 | Z28: 1.5 | AA28: 3.75 | AB28: =IF(SUM('P104'!$Y28:$AA28)>5.9,"SI","NO") -> SI | AC28: =SUM('P104'!$Y28:$AA28) -> 6.75 | AD28: 0.25 | AE28: 6 | AF28: =IF('P104'!$AG28>5.9,"SI","NO") -> SI | AG28: =SUM('P104'!$AD28:$AE28) -> 6.25 | AH28: 4.5 | AI28: 4.5 | AJ28: =AVERAGE('P104'!$AH28:$AI28)*'P104'!$H28 -> 4.9711029 | AK28: 1 | AL28: 10 | AM28: 7 | AN28: =(1*('P104'!$AL28+'P104'!$AM28))*'P104'!$AK28 -> 17 | AO28: 8 | AP28: =SUM('P104'!$U28) -> 25.424185 | AQ28: =SUM(AN28,AJ28,AG28,AC28,X28,('P104'!$AO28)*H28) -> 53.821237 | AR28: ='P104'!$AP28+'P104'!$AQ28 -> 79.245422
A29: crismart@espol.edu.ec | B29: 202510764 | C29: MARTIN PIMENTEL CRISTINA ALEJANDRA | D29: 7 | F29: 1.0112998 | G29: 1.0225919 | H29: 1.0381794 | I29: 3 | J29: 2 | K29: 3.8 | L29: =IF(I29<1.79,SUM(I29:J29), SUM('P104'!$Q29:$S29)) -> 7 | M29: 1.5 | N29: 2 | O29: 3.5 | P29: =IF(M29<1.79,SUM(M29:N29), SUM('P104'!$Q29:$S29)) -> 3.5 | Q29: 1.5 | R29: 2 | S29: 3.5 | T29: =IF(Q29<1.79,SUM(Q29:R29), SUM('P104'!$Q29:$S29)) -> 3.5 | U29: =('P104'!$L29+'P104'!$P29+'P104'!$T29)*'P104'!$F29 -> 14.158197 | V29: 3.8 | W29: 6.2 | X29: =SUM('P104'!$V29:$W29)*'P104'!$G29 -> 10.225919 | Y29: 0.5 | Z29: 0 | AA29: 1.25 | AB29: =IF(SUM('P104'!$Y29:$AA29)>5.9,"SI","NO") -> NO | AC29: =SUM('P104'!$Y29:$AA29) -> 1.75 | AD29: 2 | AE29: 3 | AF29: =IF('P104'!$AG29>5.9,"SI","NO") -> NO | AG29: =SUM('P104'!$AD29:$AE29) -> 5 | AH29: =IF('P104'!$AF29="NO",0," ") -> 0 | AI29: =IF('P104'!$AF29="NO",0," ") -> 0 | AJ29: =AVERAGE('P104'!$AH29:$AI29)*'P104'!$H29 -> 0 | AK29: 0 | AL29: 0 | AM29: 0 | AN29: =(1*('P104'!$AL29+'P104'!$AM29))*'P104'!$AK29 -> 0 | AO29: 6.5 | AP29: =SUM('P104'!$U29) -> 14.158197 | AQ29: =SUM(AN29,AJ29,AG29,AC29,X29,('P104'!$AO29)*H29) -> 23.724085 | AR29: ='P104'!$AP29+'P104'!$AQ29 -> 37.882282
A30: fernorte@espol.edu.ec | B30: 202310785 | C30: ORTEGA BELTRAN FERNANDA DANIELA | D30: 4 | F30: 1 | G30: 1.1626154 | H30: 1 | I30: 2.25 | J30: 2 | K30: 3.95 | L30: =IF(I30<1.79,SUM(I30:J30), SUM('P104'!$Q30:$S30)) -> 8.45 | M30: 2.75 | N30: 2 | O30: 3.7 | P30: =IF(M30<1.79,SUM(M30:N30), SUM('P104'!$Q30:$S30)) -> 8.45 | Q30: 2.75 | R30: 2 | S30: 3.7 | T30: =IF(Q30<1.79,SUM(Q30:R30), SUM('P104'!$Q30:$S30)) -> 8.45 | U30: =('P104'!$L30+'P104'!$P30+'P104'!$T30)*'P104'!$F30 -> 25.35 | V30: 3.7 | W30: 6.6 | X30: =SUM('P104'!$V30:$W30)*'P104'!$G30 -> 11.974939 | Y30: 2 | Z30: 1.5 | AA30: 5 | AB30: =IF(SUM('P104'!$Y30:$AA30)>5.9,"SI","NO") -> SI | AC30: =SUM('P104'!$Y30:$AA30) -> 8.5 | AD30: 0.25 | AE30: 6 | AF30: =IF('P104'!$AG30>5.9,"SI","NO") -> SI | AG30: =SUM('P104'!$AD30:$AE30) -> 6.25 | AH30: 4.5 | AI30: 4.5 | AJ30: =AVERAGE('P104'!$AH30:$AI30)*'P104'!$H30 -> 4.5 | AK30: 1 | AL30: 8 | AM30: 7 | AN30: =(1*('P104'!$AL30+'P104'!$AM30))*'P104'!$AK30 -> 15 | AO30: 8 | AP30: =SUM('P104'!$U30) -> 25.35 | AQ30: =SUM(AN30,AJ30,AG30,AC30,X30,('P104'!$AO30)*H30) -> 54.224939 | AR30: ='P104'!$AP30+'P104'!$AQ30 -> 79.574939
A31: johortiz@espol.edu.ec | B31: 202503462 | C31: ORTIZ ALAY JOHAN ALEJANDRO | D31: 2 | F31: 1.0691733 | G31: 1.0251357 | H31: 0.91491544 | I31: 3 | J31: 2 | K31: 4.05 | L31: =IF(I31<1.79,SUM(I31:J31), SUM('P104'!$Q31:$S31)) -> 9.75 | M31: 3 | N31: 2 | O31: 4.75 | P31: =IF(M31<1.79,SUM(M31:N31), SUM('P104'!$Q31:$S31)) -> 9.75 | Q31: 3 | R31: 2 | S31: 4.75 | T31: =IF(Q31<1.79,SUM(Q31:R31), SUM('P104'!$Q31:$S31)) -> 9.75 | U31: =('P104'!$L31+'P104'!$P31+'P104'!$T31)*'P104'!$F31 -> 31.27332 | V31: 4.45 | W31: 6.4 | X31: =SUM('P104'!$V31:$W31)*'P104'!$G31 -> 11.122722 | Y31: 1.5 | Z31: 0 | AA31: 0 | AB31: =IF(SUM('P104'!$Y31:$AA31)>5.9,"SI","NO") -> NO | AC31: =SUM('P104'!$Y31:$AA31) -> 1.5 | AD31: 1.5 | AE31: 3 | AF31: =IF('P104'!$AG31>5.9,"SI","NO") -> NO | AG31: =SUM('P104'!$AD31:$AE31) -> 4.5 | AH31: =IF('P104'!$AF31="NO",0," ") -> 0 | AI31: =IF('P104'!$AF31="NO",0," ") -> 0 | AJ31: =AVERAGE('P104'!$AH31:$AI31)*'P104'!$H31 -> 0 | AK31: 0 | AL31: 0 | AM31: 0 | AN31: =(1*('P104'!$AL31+'P104'!$AM31))*'P104'!$AK31 -> 0 | AO31: 6 | AP31: =SUM('P104'!$U31) -> 31.27332 | AQ31: =SUM(AN31,AJ31,AG31,AC31,X31,('P104'!$AO31)*H31) -> 22.612215 | AR31: ='P104'!$AP31+'P104'!$AQ31 -> 53.885534
A32: maripauc@espol.edu.ec | B32: 202416335 | C32: PAUCAR ALBUJAR MARIA ETELVINA | D32: 3 | F32: 1.2041913 | G32: 1.2287408 | H32: 1.2451456 | I32: 2.25 | J32: 2 | K32: 3.95 | L32: =IF(I32<1.79,SUM(I32:J32), SUM('P104'!$Q32:$S32)) -> 9.7 | M32: 2.75 | N32: 2 | O32: 4.95 | P32: =IF(M32<1.79,SUM(M32:N32), SUM('P104'!$Q32:$S32)) -> 9.7 | Q32: 2.75 | R32: 2 | S32: 4.95 | T32: =IF(Q32<1.79,SUM(Q32:R32), SUM('P104'!$Q32:$S32)) -> 9.7 | U32: =('P104'!$L32+'P104'!$P32+'P104'!$T32)*'P104'!$F32 -> 35.041968 | V32: 3.95 | W32: 7.7 | X32: =SUM('P104'!$V32:$W32)*'P104'!$G32 -> 14.31483 | Y32: 1 | Z32: 0 | AA32: 1.25 | AB32: =IF(SUM('P104'!$Z32:$AA32)>5.9,"SI","NO") -> NO | AC32: =SUM('P104'!$Y32:$AA32) -> 2.25 | AD32: 1.5 | AE32: 5 | AF32: =IF('P104'!$AG32>5.9,"SI","NO") -> SI | AG32: =SUM('P104'!$AD32:$AE32) -> 6.5 | AH32: 4.75 | AI32: 5 | AJ32: =AVERAGE('P104'!$AH32:$AI32)*'P104'!$H32 -> 6.0700849 | AK32: 1 | AL32: 0 | AM32: 0 | AN32: =(1*('P104'!$AL32+'P104'!$AM32))*'P104'!$AK32 -> 0 | AO32: 9 | AP32: =SUM('P104'!$U32) -> 35.041968 | AQ32: =SUM(AN32,AJ32,AG32,AC32,X32,('P104'!$AO32)*H32) -> 40.341226 | AR32: ='P104'!$AP32+'P104'!$AQ32 -> 75.383194
A33: adripazm@espol.edu.ec | B33: 202411922 | C33: PAZMINO ARMIJOS ADRIANA VALENTINA | D33: 5 | F33: 1.0830447 | G33: 1.0613587 | H33: 1.0746957 | I33: 1.5 | J33: 2 | K33: 4.65 | L33: =IF(I33<1.79,SUM(I33:J33), SUM('P104'!$Q33:$S33)) -> 3.5 | M33: 1.5 | N33: 2 | O33: 4.2 | P33: =IF(M33<1.79,SUM(M33:N33), SUM('P104'!$Q33:$S33)) -> 3.5 | Q33: 1.5 | R33: 2 | S33: 4.2 | T33: =IF(Q33<1.79,SUM(Q33:R33), SUM('P104'!$Q33:$S33)) -> 3.5 | U33: =('P104'!$L33+'P104'!$P33+'P104'!$T33)*'P104'!$F33 -> 11.371969 | V33: 3.8 | W33: 5.8 | X33: =SUM('P104'!$V33:$W33)*'P104'!$G33 -> 10.189043 | Y33: 1 | Z33: 0 | AA33: 0 | AB33: =IF(SUM('P104'!$Y33:$AA33)>5.9,"SI","NO") -> NO | AC33: =SUM('P104'!$Y33:$AA33) -> 1 | AD33: 0.5 | AE33: 6 | AF33: =IF('P104'!$AG33>5.9,"SI","NO") -> SI | AG33: =SUM('P104'!$AD33:$AE33) -> 6.5 | AH33: 3.6 | AI33: 1.5 | AJ33: =AVERAGE('P104'!$AH33:$AI33)*'P104'!$H33 -> 2.7404739 | AK33: 1 | AL33: 0 | AM33: 0 | AN33: =(1*('P104'!$AL33+'P104'!$AM33))*'P104'!$AK33 -> 0 | AO33: 7.25 | AP33: =SUM('P104'!$U33) -> 11.371969 | AQ33: =SUM(AN33,AJ33,AG33,AC33,X33,('P104'!$AO33)*H33) -> 28.221061 | AR33: ='P104'!$AP33+'P104'!$AQ33 -> 39.59303
A34: Maigomez@espol.edu.ec | B34: 202502431 | C34: PIN GOMEZ MAICOL GEANPIER | D34: 5 | F34: 1.0268897 | G34: 1.0330507 | H34: 1.0330786 | I34: 3 | J34: 2 | K34: 4.65 | L34: =IF(I34<1.79,SUM(I34:J34), SUM('P104'!$Q34:$S34)) -> 8.45 | M34: 2.25 | N34: 2 | O34: 4.2 | P34: =IF(M34<1.79,SUM(M34:N34), SUM('P104'!$Q34:$S34)) -> 8.45 | Q34: 2.25 | R34: 2 | S34: 4.2 | T34: =IF(Q34<1.79,SUM(Q34:R34), SUM('P104'!$Q34:$S34)) -> 8.45 | U34: =('P104'!$L34+'P104'!$P34+'P104'!$T34)*'P104'!$F34 -> 26.031653 | V34: 3.8 | W34: 5.8 | X34: =SUM('P104'!$V34:$W34)*'P104'!$G34 -> 9.9172864 | Y34: 2 | Z34: 1.5 | AA34: 5 | AB34: =IF(SUM('P104'!$Y34:$AA34)>5.9,"SI","NO") -> SI | AC34: =SUM('P104'!$Y34:$AA34) -> 8.5 | AD34: 0.5 | AE34: 6 | AF34: =IF('P104'!$AG34>5.9,"SI","NO") -> SI | AG34: =SUM('P104'!$AD34:$AE34) -> 6.5 | AH34: 3.6 | AI34: 1.5 | AJ34: =AVERAGE('P104'!$AH34:$AI34)*'P104'!$H34 -> 2.6343505 | AK34: 1 | AL34: 3 | AM34: 6 | AN34: =(1*('P104'!$AL34+'P104'!$AM34))*'P104'!$AK34 -> 9 | AO34: 7.25 | AP34: =SUM('P104'!$U34) -> 26.031653 | AQ34: =SUM(AN34,AJ34,AG34,AC34,X34,('P104'!$AO34)*H34) -> 44.041457 | AR34: ='P104'!$AP34+'P104'!$AQ34 -> 70.07311
A35: cesarrey@espol.edu.ec | B35: 202409405 | C35: REY MEDINA CESAR FABIAN | D35: 7 | F35: 1.0163945 | G35: 1.0268795 | H35: 1.0381794 | I35: 2.25 | J35: 2 | K35: 3.8 | L35: =IF(I35<1.79,SUM(I35:J35), SUM('P104'!$Q35:$S35)) -> 7.5 | M35: 2 | N35: 2 | O35: 3.5 | P35: =IF(M35<1.79,SUM(M35:N35), SUM('P104'!$Q35:$S35)) -> 7.5 | Q35: 2 | R35: 2 | S35: 3.5 | T35: =IF(Q35<1.79,SUM(Q35:R35), SUM('P104'!$Q35:$S35)) -> 7.5 | U35: =('P104'!$L35+'P104'!$P35+'P104'!$T35)*'P104'!$F35 -> 22.868877 | V35: 3.8 | W35: 6.2 | X35: =SUM('P104'!$V35:$W35)*'P104'!$G35 -> 10.268795 | Y35: 1 | Z35: 1.5 | AA35: 0 | AB35: =IF(SUM('P104'!$Y35:$AA35)>5.9,"SI","NO") -> NO | AC35: =SUM('P104'!$Y35:$AA35) -> 2.5 | AD35: 2 | AE35: 3 | AF35: =IF('P104'!$AG35>5.9,"SI","NO") -> NO | AG35: =SUM('P104'!$AD35:$AE35) -> 5 | AH35: =IF('P104'!$AF35="NO",0," ") -> 0 | AI35: =IF('P104'!$AF35="NO",0," ") -> 0 | AJ35: =AVERAGE('P104'!$AH35:$AI35)*'P104'!$H35 -> 0 | AK35: 0 | AL35: 0 | AM35: 0 | AN35: =(1*('P104'!$AL35+'P104'!$AM35))*'P104'!$AK35 -> 0 | AO35: 6.5 | AP35: =SUM('P104'!$U35) -> 22.868877 | AQ35: =SUM(AN35,AJ35,AG35,AC35,X35,('P104'!$AO35)*H35) -> 24.516961 | AR35: ='P104'!$AP35+'P104'!$AQ35 -> 47.385838
A36: andrreye@espol.edu.ec | B36: 202509576 | C36: REYES SANCHEZ CARLOS ANDRES | D36: 9 | F36: 1.0895645 | G36: 1.0763924 | H36: 0.5 | I36: 2.25 | J36: 2 | K36: 4.5 | L36: =IF(I36<1.79,SUM(I36:J36), SUM('P104'!$Q36:$S36)) -> 9.5 | M36: 3 | N36: 2 | O36: 4.5 | P36: =IF(M36<1.79,SUM(M36:N36), SUM('P104'!$Q36:$S36)) -> 9.5 | Q36: 3 | R36: 2 | S36: 4.5 | T36: =IF(Q36<1.79,SUM(Q36:R36), SUM('P104'!$Q36:$S36)) -> 9.5 | U36: =('P104'!$L36+'P104'!$P36+'P104'!$T36)*'P104'!$F36 -> 31.052589 | V36: 3.7 | W36: 6.3 | X36: =SUM('P104'!$V36:$W36)*'P104'!$G36 -> 10.763924 | Y36: 1 | Z36: 3 | AA36: 3.75 | AB36: =IF(SUM('P104'!$Y36:$AA36)>5.9,"SI","NO") -> SI | AC36: =SUM('P104'!$Y36:$AA36) -> 7.75 | AD36: 2 | AE36: 3 | AF36: =IF('P104'!$AG36>5.9,"SI","NO") -> NO | AG36: =SUM('P104'!$AD36:$AE36) -> 5 | AH36: =IF('P104'!$AF36="NO",0," ") -> 0 | AI36: =IF('P104'!$AF36="NO",0," ") -> 0 | AJ36: =AVERAGE('P104'!$AH36:$AI36)*'P104'!$H36 -> 0 | AK36: 0 | AL36: 0 | AM36: 0 | AN36: =(1*('P104'!$AL36+'P104'!$AM36))*'P104'!$AK36 -> 0 | AO36: 6.5 | AP36: =SUM('P104'!$U36) -> 31.052589 | AQ36: =SUM(AN36,AJ36,AG36,AC36,X36,('P104'!$AO36)*H36) -> 26.763924 | AR36: ='P104'!$AP36+'P104'!$AQ36 -> 57.816513
A37: jhonrive@espol.edu.ec | B37: 202505681 | C37: RIVERA NOBLECILLA JHON ALEXANDER | D37: 10 | F37: 0.5 | G37: 1.0774598 | H37: 1.0785149 | I37: 2.25 | J37: 2 | K37: 4.05 | L37: =IF(I37<1.79,SUM(I37:J37), SUM('P104'!$Q37:$S37)) -> 7.05 | M37: 1 | N37: 2 | O37: 4.05 | P37: =IF(M37<1.79,SUM(M37:N37), SUM('P104'!$Q37:$S37)) -> 3 | Q37: 1 | R37: 2 | S37: 4.05 | T37: =IF(Q37<1.79,SUM(Q37:R37), SUM('P104'!$Q37:$S37)) -> 3 | U37: =('P104'!$L37+'P104'!$P37+'P104'!$T37)*'P104'!$F37 -> 6.525 | V37: 3.8 | W37: 6.2 | X37: =SUM('P104'!$V37:$W37)*'P104'!$G37 -> 10.774598 | Y37: 1.5 | Z37: 1.5 | AA37: 3.75 | AB37: =IF(SUM('P104'!$Y37:$AA37)>5.9,"SI","NO") -> SI | AC37: =SUM('P104'!$Y37:$AA37) -> 6.75 | AD37: 2 | AE37: 3 | AF37: =IF('P104'!$AG37>5.9,"SI","NO") -> NO | AG37: =SUM('P104'!$AD37:$AE37) -> 5 | AH37: =IF('P104'!$AF37="NO",0," ") -> 0 | AI37: =IF('P104'!$AF37="NO",0," ") -> 0 | AJ37: =AVERAGE('P104'!$AH37:$AI37)*'P104'!$H37 -> 0 | AK37: 0 | AL37: 0 | AM37: 0 | AN37: =(1*('P104'!$AL37+'P104'!$AM37))*'P104'!$AK37 -> 0 | AO37: 5 | AP37: =SUM('P104'!$U37) -> 6.525 | AQ37: =SUM(AN37,AJ37,AG37,AC37,X37,('P104'!$AO37)*H37) -> 27.917172 | AR37: ='P104'!$AP37+'P104'!$AQ37 -> 34.442172
